country,expectancy,year
ABW,73.738,1999
ABW,73.787,2000
ABW,73.853,2001
ABW,73.937,2002
ABW,74.038,2003
ABW,74.156,2004
ABW,74.287,2005
ABW,74.429,2006
ABW,74.576,2007
ABW,74.725,2008
ABW,74.872,2009
ABW,75.017,2010
ABW,75.158,2011
ABW,75.299,2012
ABW,75.441,2013
ABW,75.583,2014
ABW,75.725,2015
ABW,75.868,2016
ABW,76.01,2017
ABW,76.152,2018
ABW,76.293,2019
AFG,55.376,1999
AFG,55.841,2000
AFG,56.308,2001
AFG,56.784,2002
AFG,57.271,2003
AFG,57.772,2004
AFG,58.29,2005
AFG,58.826,2006
AFG,59.375,2007
AFG,59.93,2008
AFG,60.484,2009
AFG,61.028,2010
AFG,61.553,2011
AFG,62.054,2012
AFG,62.525,2013
AFG,62.966,2014
AFG,63.377,2015
AFG,63.763,2016
AFG,64.13,2017
AFG,64.486,2018
AFG,64.833,2019
AGO,46.093,1999
AGO,46.522,2000
AGO,47.059,2001
AGO,47.702,2002
AGO,48.44,2003
AGO,49.263,2004
AGO,50.165,2005
AGO,51.143,2006
AGO,52.177,2007
AGO,53.243,2008
AGO,54.311,2009
AGO,55.35,2010
AGO,56.33,2011
AGO,57.236,2012
AGO,58.054,2013
AGO,58.776,2014
AGO,59.398,2015
AGO,59.925,2016
AGO,60.379,2017
AGO,60.782,2018
AGO,61.147,2019
ALB,73.587,1999
ALB,73.955,2000
ALB,74.288,2001
ALB,74.579,2002
ALB,74.828,2003
ALB,75.039,2004
ALB,75.228,2005
ALB,75.423,2006
ALB,75.646,2007
ALB,75.912,2008
ALB,76.221,2009
ALB,76.562,2010
ALB,76.914,2011
ALB,77.252,2012
ALB,77.554,2013
ALB,77.813,2014
ALB,78.025,2015
ALB,78.194,2016
ALB,78.333,2017
ALB,78.458,2018
ALB,78.573,2019
ARE,74.106,1999
ARE,74.327,2000
ARE,74.544,2001
ARE,74.758,2002
ARE,74.968,2003
ARE,75.174,2004
ARE,75.376,2005
ARE,75.573,2006
ARE,75.767,2007
ARE,75.957,2008
ARE,76.145,2009
ARE,76.332,2010
ARE,76.521,2011
ARE,76.711,2012
ARE,76.903,2013
ARE,77.095,2014
ARE,77.285,2015
ARE,77.47,2016
ARE,77.647,2017
ARE,77.814,2018
ARE,77.972,2019
ARG,73.396,1999
ARG,73.576,2000
ARG,73.755,2001
ARG,73.932,2002
ARG,74.107,2003
ARG,74.28,2004
ARG,74.451,2005
ARG,74.62,2006
ARG,74.787,2007
ARG,74.952,2008
ARG,75.116,2009
ARG,75.278,2010
ARG,75.439,2011
ARG,75.598,2012
ARG,75.756,2013
ARG,75.913,2014
ARG,76.068,2015
ARG,76.221,2016
ARG,76.372,2017
ARG,76.52,2018
ARG,76.667,2019
ARM,70.944,1999
ARM,71.409,2000
ARM,71.8,2001
ARM,72.112,2002
ARM,72.348,2003
ARM,72.513,2004
ARM,72.626,2005
ARM,72.716,2006
ARM,72.815,2007
ARM,72.946,2008
ARM,73.118,2009
ARM,73.331,2010
ARM,73.572,2011
ARM,73.82,2012
ARM,74.056,2013
ARM,74.273,2014
ARM,74.467,2015
ARM,74.64,2016
ARM,74.797,2017
ARM,74.945,2018
ARM,75.087,2019
ATG,73.705,1999
ATG,73.94,2000
ATG,74.171,2001
ATG,74.395,2002
ATG,74.613,2003
ATG,74.821,2004
ATG,75.019,2005
ATG,75.204,2006
ATG,75.376,2007
ATG,75.535,2008
ATG,75.683,2009
ATG,75.823,2010
ATG,75.956,2011
ATG,76.087,2012
ATG,76.218,2013
ATG,76.349,2014
ATG,76.483,2015
ATG,76.617,2016
ATG,76.752,2017
ATG,76.885,2018
ATG,77.016,2019
AUS,78.93170732,1999
AUS,79.23414634,2000
AUS,79.63414634,2001
AUS,79.93658537,2002
AUS,80.23902439,2003
AUS,80.4902439,2004
AUS,80.84146341,2005
AUS,81.04146341,2006
AUS,81.29268293,2007
AUS,81.39512195,2008
AUS,81.54390244,2009
AUS,81.69512195,2010
AUS,81.89512195,2011
AUS,82.04634146,2012
AUS,82.14878049,2013
AUS,82.3,2014
AUS,82.4,2015
AUS,82.44878049,2016
AUS,82.5,2017
AUS,82.74878049,2018
AUS,82.9,2019
AUT,77.87560976,1999
AUT,78.12682927,2000
AUT,78.57560976,2001
AUT,78.67804878,2002
AUT,78.63170732,2003
AUT,79.1804878,2004
AUT,79.33170732,2005
AUT,79.8804878,2006
AUT,80.1804878,2007
AUT,80.43170732,2008
AUT,80.33170732,2009
AUT,80.5804878,2010
AUT,80.98292683,2011
AUT,80.93658537,2012
AUT,81.13658537,2013
AUT,81.4902439,2014
AUT,81.1902439,2015
AUT,81.64146341,2016
AUT,81.64390244,2017
AUT,81.69268293,2018
AUT,81.79268293,2019
AZE,66.491,1999
AZE,66.763,2000
AZE,67.054,2001
AZE,67.391,2002
AZE,67.791,2003
AZE,68.249,2004
AZE,68.747,2005
AZE,69.259,2006
AZE,69.752,2007
AZE,70.201,2008
AZE,70.597,2009
AZE,70.938,2010
AZE,71.234,2011
AZE,71.506,2012
AZE,71.768,2013
AZE,72.022,2014
AZE,72.266,2015
AZE,72.493,2016
AZE,72.693,2017
AZE,72.864,2018
AZE,73.005,2019
BDI,48.339,1999
BDI,49.091,2000
BDI,49.93,2001
BDI,50.81,2002
BDI,51.69,2003
BDI,52.547,2004
BDI,53.369,2005
BDI,54.163,2006
BDI,54.944,2007
BDI,55.721,2008
BDI,56.488,2009
BDI,57.228,2010
BDI,57.925,2011
BDI,58.568,2012
BDI,59.148,2013
BDI,59.665,2014
BDI,60.123,2015
BDI,60.528,2016
BDI,60.898,2017
BDI,61.247,2018
BDI,61.584,2019
BEL,77.6195122,1999
BEL,77.72195122,2000
BEL,77.97317073,2001
BEL,78.07560976,2002
BEL,78.12926829,2003
BEL,78.87804878,2004
BEL,78.9804878,2005
BEL,79.3804878,2006
BEL,79.78292683,2007
BEL,79.6804878,2008
BEL,80.03414634,2009
BEL,80.18292683,2010
BEL,80.58536585,2011
BEL,80.38536585,2012
BEL,80.58780488,2013
BEL,81.28780488,2014
BEL,80.99268293,2015
BEL,81.43902439,2016
BEL,81.49268293,2017
BEL,81.59512195,2018
BEL,81.74634146,2019
BEN,55.218,1999
BEN,55.391,2000
BEN,55.668,2001
BEN,56.025,2002
BEN,56.436,2003
BEN,56.887,2004
BEN,57.355,2005
BEN,57.817,2006
BEN,58.255,2007
BEN,58.654,2008
BEN,59.009,2009
BEN,59.318,2010
BEN,59.59,2011
BEN,59.842,2012
BEN,60.092,2013
BEN,60.345,2014
BEN,60.608,2015
BEN,60.885,2016
BEN,61.174,2017
BEN,61.47,2018
BEN,61.771,2019
BFA,50.168,1999
BFA,50.489,2000
BFA,50.893,2001
BFA,51.384,2002
BFA,51.956,2003
BFA,52.602,2004
BFA,53.31,2005
BFA,54.063,2006
BFA,54.841,2007
BFA,55.618,2008
BFA,56.377,2009
BFA,57.096,2010
BFA,57.761,2011
BFA,58.374,2012
BFA,58.937,2013
BFA,59.45,2014
BFA,59.919,2015
BFA,60.354,2016
BFA,60.768,2017
BFA,61.174,2018
BFA,61.577,2019
BGD,64.881,1999
BGD,65.447,2000
BGD,65.956,2001
BGD,66.43,2002
BGD,66.886,2003
BGD,67.331,2004
BGD,67.773,2005
BGD,68.213,2006
BGD,68.648,2007
BGD,69.072,2008
BGD,69.485,2009
BGD,69.881,2010
BGD,70.256,2011
BGD,70.606,2012
BGD,70.93,2013
BGD,71.231,2014
BGD,71.514,2015
BGD,71.785,2016
BGD,72.052,2017
BGD,72.32,2018
BGD,72.591,2019
BGR,71.41219512,1999
BGR,71.66341463,2000
BGR,71.76829268,2001
BGR,71.86585366,2002
BGR,72.06585366,2003
BGR,72.56341463,2004
BGR,72.56097561,2005
BGR,72.61219512,2006
BGR,72.66341463,2007
BGR,72.96341463,2008
BGR,73.41219512,2009
BGR,73.51219512,2010
BGR,74.16341463,2011
BGR,74.31463415,2012
BGR,74.86097561,2013
BGR,74.46585366,2014
BGR,74.61463415,2015
BGR,74.81219512,2016
BGR,74.81463415,2017
BGR,74.96341463,2018
BGR,74.91463415,2019
BHR,74.239,1999
BHR,74.44,2000
BHR,74.635,2001
BHR,74.822,2002
BHR,74.999,2003
BHR,75.167,2004
BHR,75.326,2005
BHR,75.478,2006
BHR,75.625,2007
BHR,75.77,2008
BHR,75.913,2009
BHR,76.057,2010
BHR,76.2,2011
BHR,76.342,2012
BHR,76.484,2013
BHR,76.624,2014
BHR,76.762,2015
BHR,76.899,2016
BHR,77.032,2017
BHR,77.163,2018
BHR,77.292,2019
BHS,71.858,1999
BHS,71.914,2000
BHS,71.954,2001
BHS,71.977,2002
BHS,71.986,2003
BHS,71.988,2004
BHS,71.987,2005
BHS,71.988,2006
BHS,71.998,2007
BHS,72.022,2008
BHS,72.067,2009
BHS,72.144,2010
BHS,72.263,2011
BHS,72.424,2012
BHS,72.62,2013
BHS,72.847,2014
BHS,73.088,2015
BHS,73.329,2016
BHS,73.554,2017
BHS,73.752,2018
BHS,73.918,2019
BIH,74.05,1999
BIH,74.403,2000
BIH,74.637,2001
BIH,74.803,2002
BIH,74.941,2003
BIH,75.068,2004
BIH,75.198,2005
BIH,75.342,2006
BIH,75.498,2007
BIH,75.665,2008
BIH,75.844,2009
BIH,76.031,2010
BIH,76.219,2011
BIH,76.401,2012
BIH,76.569,2013
BIH,76.723,2014
BIH,76.865,2015
BIH,76.998,2016
BIH,77.128,2017
BIH,77.262,2018
BIH,77.401,2019
BLR,67.90731707,1999
BLR,68.91219512,2000
BLR,68.50731707,2001
BLR,68.05609756,2002
BLR,68.55365854,2003
BLR,68.95609756,2004
BLR,68.85121951,2005
BLR,69.40487805,2006
BLR,70.20731707,2007
BLR,70.45609756,2008
BLR,70.40731707,2009
BLR,70.40487805,2010
BLR,70.55365854,2011
BLR,71.96585366,2012
BLR,72.47073171,2013
BLR,72.97073171,2014
BLR,73.62439024,2015
BLR,73.82682927,2016
BLR,74.12926829,2017
BLR,74.17560976,2018
BLR,74.22682927,2019
BLZ,68.734,1999
BLZ,68.847,2000
BLZ,69.04,2001
BLZ,69.272,2002
BLZ,69.511,2003
BLZ,69.749,2004
BLZ,69.998,2005
BLZ,70.286,2006
BLZ,70.636,2007
BLZ,71.059,2008
BLZ,71.541,2009
BLZ,72.057,2010
BLZ,72.57,2011
BLZ,73.044,2012
BLZ,73.452,2013
BLZ,73.782,2014
BLZ,74.034,2015
BLZ,74.219,2016
BLZ,74.365,2017
BLZ,74.496,2018
BLZ,74.623,2019
BMU,,1999
BMU,77.88536585,2000
BMU,77.88536585,2001
BMU,78.08780488,2002
BMU,78.33414634,2003
BMU,78.48536585,2004
BMU,78.68536585,2005
BMU,78.88780488,2006
BMU,78.93414634,2007
BMU,79.23658537,2008
BMU,79.38843902,2009
BMU,79.28853659,2010
BMU,81.15268293,2011
BMU,81.67780488,2012
BMU,80.57243902,2013
BMU,80.79731707,2014
BMU,81.01219512,2015
BMU,81.22707317,2016
BMU,81.44195122,2017
BMU,81.65170732,2018
BMU,81.86658537,2019
BOL,61.835,1999
BOL,62.452,2000
BOL,63.054,2001
BOL,63.64,2002
BOL,64.21,2003
BOL,64.766,2004
BOL,65.312,2005
BOL,65.853,2006
BOL,66.395,2007
BOL,66.937,2008
BOL,67.476,2009
BOL,68.007,2010
BOL,68.521,2011
BOL,69.01,2012
BOL,69.468,2013
BOL,69.891,2014
BOL,70.277,2015
BOL,70.626,2016
BOL,70.945,2017
BOL,71.239,2018
BOL,71.513,2019
BRA,69.769,1999
BRA,70.116,2000
BRA,70.462,2001
BRA,70.813,2002
BRA,71.17,2003
BRA,71.531,2004
BRA,71.896,2005
BRA,72.26,2006
BRA,72.618,2007
BRA,72.966,2008
BRA,73.3,2009
BRA,73.619,2010
BRA,73.921,2011
BRA,74.209,2012
BRA,74.483,2013
BRA,74.745,2014
BRA,74.994,2015
BRA,75.23,2016
BRA,75.456,2017
BRA,75.672,2018
BRA,75.881,2019
BRB,76.933,1999
BRB,77.162,2000
BRB,77.362,2001
BRB,77.534,2002
BRB,77.682,2003
BRB,77.808,2004
BRB,77.915,2005
BRB,78.009,2006
BRB,78.097,2007
BRB,78.184,2008
BRB,78.272,2009
BRB,78.364,2010
BRB,78.456,2011
BRB,78.547,2012
BRB,78.633,2013
BRB,78.717,2014
BRB,78.801,2015
BRB,78.888,2016
BRB,78.981,2017
BRB,79.081,2018
BRB,79.19,2019
BRN,72.538,1999
BRN,72.809,2000
BRN,73.076,2001
BRN,73.332,2002
BRN,73.575,2003
BRN,73.801,2004
BRN,74.006,2005
BRN,74.189,2006
BRN,74.351,2007
BRN,74.494,2008
BRN,74.623,2009
BRN,74.74,2010
BRN,74.852,2011
BRN,74.962,2012
BRN,75.075,2013
BRN,75.193,2014
BRN,75.318,2015
BRN,75.45,2016
BRN,75.585,2017
BRN,75.722,2018
BRN,75.86,2019
BTN,59.974,1999
BTN,60.884,2000
BTN,61.808,2001
BTN,62.728,2002
BTN,63.624,2003
BTN,64.483,2004
BTN,65.289,2005
BTN,66.031,2006
BTN,66.709,2007
BTN,67.325,2008
BTN,67.882,2009
BTN,68.384,2010
BTN,68.84,2011
BTN,69.263,2012
BTN,69.662,2013
BTN,70.046,2014
BTN,70.419,2015
BTN,70.781,2016
BTN,71.129,2017
BTN,71.46,2018
BTN,71.777,2019
BWA,51.214,1999
BWA,50.629,2000
BWA,50.281,2001
BWA,50.232,2002
BWA,50.518,2003
BWA,51.15,2004
BWA,52.13,2005
BWA,53.435,2006
BWA,54.983,2007
BWA,56.679,2008
BWA,58.447,2009
BWA,60.211,2010
BWA,61.91,2011
BWA,63.511,2012
BWA,64.976,2013
BWA,66.265,2014
BWA,67.338,2015
BWA,68.178,2016
BWA,68.812,2017
BWA,69.275,2018
BWA,69.592,2019
CAN,78.88536585,1999
CAN,79.13658537,2000
CAN,79.33902439,2001
CAN,79.4902439,2002
CAN,79.74146341,2003
CAN,79.89268293,2004
CAN,80.19268293,2005
CAN,80.34390244,2006
CAN,80.54390244,2007
CAN,80.69512195,2008
CAN,80.99512195,2009
CAN,81.24634146,2010
CAN,81.44878049,2011
CAN,81.64878049,2012
CAN,81.74878049,2013
CAN,81.8,2014
CAN,81.9,2015
CAN,81.9,2016
CAN,81.9,2017
CAN,82.04878049,2018
CAN,82.04878049,2019
CHE,79.5804878,1999
CHE,79.6804878,2000
CHE,80.1804878,2001
CHE,80.38536585,2002
CHE,80.53658537,2003
CHE,81.08780488,2004
CHE,81.23658537,2005
CHE,81.4902439,2006
CHE,81.74146341,2007
CHE,81.99268293,2008
CHE,82.04390244,2009
CHE,82.24634146,2010
CHE,82.69512195,2011
CHE,82.69756098,2012
CHE,82.79756098,2013
CHE,83.19756098,2014
CHE,82.89756098,2015
CHE,83.60243902,2016
CHE,83.55121951,2017
CHE,83.75365854,2018
CHE,83.70487805,2019
CHL,76.092,1999
CHL,76.366,2000
CHL,76.634,2001
CHL,76.894,2002
CHL,77.146,2003
CHL,77.391,2004
CHL,77.63,2005
CHL,77.865,2006
CHL,78.099,2007
CHL,78.33,2008
CHL,78.558,2009
CHL,78.779,2010
CHL,78.986,2011
CHL,79.176,2012
CHL,79.349,2013
CHL,79.504,2014
CHL,79.646,2015
CHL,79.779,2016
CHL,79.909,2017
CHL,80.042,2018
CHL,80.181,2019
CHN,71.063,1999
CHN,71.397,2000
CHN,71.732,2001
CHN,72.061,2002
CHN,72.381,2003
CHN,72.689,2004
CHN,72.985,2005
CHN,73.271,2006
CHN,73.553,2007
CHN,73.835,2008
CHN,74.119,2009
CHN,74.409,2010
CHN,74.708,2011
CHN,75.013,2012
CHN,75.321,2013
CHN,75.629,2014
CHN,75.928,2015
CHN,76.21,2016
CHN,76.47,2017
CHN,76.704,2018
CHN,76.912,2019
CIV,49.891,1999
CIV,49.635,2000
CIV,49.495,2001
CIV,49.475,2002
CIV,49.572,2003
CIV,49.788,2004
CIV,50.12,2005
CIV,50.561,2006
CIV,51.091,2007
CIV,51.682,2008
CIV,52.313,2009
CIV,52.964,2010
CIV,53.62,2011
CIV,54.271,2012
CIV,54.906,2013
CIV,55.508,2014
CIV,56.065,2015
CIV,56.567,2016
CIV,57.017,2017
CIV,57.422,2018
CIV,57.783,2019
CMR,50.878,1999
CMR,50.993,2000
CMR,51.222,2001
CMR,51.536,2002
CMR,51.908,2003
CMR,52.321,2004
CMR,52.76,2005
CMR,53.215,2006
CMR,53.681,2007
CMR,54.153,2008
CMR,54.627,2009
CMR,55.101,2010
CMR,55.581,2011
CMR,56.073,2012
CMR,56.576,2013
CMR,57.083,2014
CMR,57.583,2015
CMR,58.063,2016
CMR,58.511,2017
CMR,58.921,2018
CMR,59.292,2019
COD,49.557,1999
COD,50.041,2000
COD,50.667,2001
COD,51.385,2002
COD,52.144,2003
COD,52.917,2004
COD,53.675,2005
COD,54.401,2006
COD,55.091,2007
COD,55.743,2008
COD,56.35,2009
COD,56.909,2010
COD,57.427,2011
COD,57.914,2012
COD,58.381,2013
COD,58.828,2014
COD,59.254,2015
COD,59.655,2016
COD,60.026,2017
COD,60.368,2018
COD,60.681,2019
COG,51.925,1999
COG,52.123,2000
COG,52.517,2001
COG,53.091,2002
COG,53.817,2003
COG,54.667,2004
COG,55.6,2005
COG,56.573,2006
COG,57.541,2007
COG,58.466,2008
COG,59.321,2009
COG,60.093,2010
COG,60.785,2011
COG,61.423,2012
COG,62.022,2013
COG,62.582,2014
COG,63.097,2015
COG,63.556,2016
COG,63.954,2017
COG,64.29,2018
COG,64.57,2019
COL,72.619,1999
COL,72.945,2000
COL,73.241,2001
COL,73.517,2002
COL,73.777,2003
COL,74.026,2004
COL,74.265,2005
COL,74.5,2006
COL,74.732,2007
COL,74.962,2008
COL,75.193,2009
COL,75.424,2010
COL,75.655,2011
COL,75.882,2012
COL,76.105,2013
COL,76.322,2014
COL,76.531,2015
COL,76.732,2016
COL,76.925,2017
COL,77.109,2018
COL,77.287,2019
COM,59.388,1999
COM,59.46,2000
COM,59.529,2001
COM,59.617,2002
COM,59.738,2003
COM,59.904,2004
COM,60.126,2005
COM,60.407,2006
COM,60.734,2007
COM,61.094,2008
COM,61.475,2009
COM,61.862,2010
COM,62.24,2011
COM,62.595,2012
COM,62.922,2013
COM,63.214,2014
COM,63.471,2015
COM,63.7,2016
COM,63.912,2017
COM,64.118,2018
COM,64.321,2019
CPV,68.041,1999
CPV,68.583,2000
CPV,69.099,2001
CPV,69.557,2002
CPV,69.932,2003
CPV,70.219,2004
CPV,70.424,2005
CPV,70.565,2006
CPV,70.676,2007
CPV,70.786,2008
CPV,70.911,2009
CPV,71.062,2010
CPV,71.243,2011
CPV,71.445,2012
CPV,71.661,2013
CPV,71.886,2014
CPV,72.117,2015
CPV,72.347,2016
CPV,72.57,2017
CPV,72.782,2018
CPV,72.981,2019
CRI,77.293,1999
CRI,77.452,2000
CRI,77.601,2001
CRI,77.74,2002
CRI,77.871,2003
CRI,77.996,2004
CRI,78.117,2005
CRI,78.239,2006
CRI,78.362,2007
CRI,78.491,2008
CRI,78.626,2009
CRI,78.769,2010
CRI,78.919,2011
CRI,79.074,2012
CRI,79.234,2013
CRI,79.398,2014
CRI,79.565,2015
CRI,79.738,2016
CRI,79.914,2017
CRI,80.095,2018
CRI,80.279,2019
CUB,76.475,1999
CUB,76.699,2000
CUB,76.905,2001
CUB,77.105,2002
CUB,77.303,2003
CUB,77.499,2004
CUB,77.688,2005
CUB,77.864,2006
CUB,78.019,2007
CUB,78.15,2008
CUB,78.256,2009
CUB,78.338,2010
CUB,78.4,2011
CUB,78.446,2012
CUB,78.485,2013
CUB,78.521,2014
CUB,78.561,2015
CUB,78.607,2016
CUB,78.662,2017
CUB,78.726,2018
CUB,78.802,2019
CUW,,1999
CUW,,2000
CUW,,2001
CUW,,2002
CUW,,2003
CUW,,2004
CUW,,2005
CUW,74.7097561,2006
CUW,75.36341463,2007
CUW,75.3097561,2008
CUW,76.15609756,2009
CUW,,2010
CUW,77.47317073,2011
CUW,77.52439024,2012
CUW,77.82682927,2013
CUW,77.97560976,2014
CUW,78.07560976,2015
CUW,77.7195122,2016
CUW,78.01707317,2017
CUW,,2018
CUW,,2019
CYP,77.875,1999
CYP,78.009,2000
CYP,78.139,2001
CYP,78.264,2002
CYP,78.385,2003
CYP,78.506,2004
CYP,78.63,2005
CYP,78.764,2006
CYP,78.91,2007
CYP,79.071,2008
CYP,79.245,2009
CYP,79.43,2010
CYP,79.621,2011
CYP,79.812,2012
CYP,79.999,2013
CYP,80.178,2014
CYP,80.35,2015
CYP,80.513,2016
CYP,80.672,2017
CYP,80.828,2018
CYP,80.982,2019
CZE,74.66829268,1999
CZE,74.96829268,2000
CZE,75.17317073,2001
CZE,75.22195122,2002
CZE,75.17073171,2003
CZE,75.72195122,2004
CZE,75.92439024,2005
CZE,76.52439024,2006
CZE,76.72439024,2007
CZE,76.97560976,2008
CZE,77.07804878,2009
CZE,77.42439024,2010
CZE,77.87317073,2011
CZE,78.07560976,2012
CZE,78.17560976,2013
CZE,78.82439024,2014
CZE,78.57804878,2015
CZE,79.02682927,2016
CZE,78.97804878,2017
CZE,79.02926829,2018
CZE,79.12926829,2019
DEU,77.72682927,1999
DEU,77.92682927,2000
DEU,78.32926829,2001
DEU,78.22926829,2002
DEU,78.3804878,2003
DEU,78.6804878,2004
DEU,78.93170732,2005
DEU,79.13170732,2006
DEU,79.53414634,2007
DEU,79.73658537,2008
DEU,79.83658537,2009
DEU,79.98780488,2010
DEU,80.43658537,2011
DEU,80.53902439,2012
DEU,80.4902439,2013
DEU,81.0902439,2014
DEU,80.64146341,2015
DEU,80.9902439,2016
DEU,80.99268293,2017
DEU,80.89268293,2018
DEU,80.94146341,2019
DJI,56.992,1999
DJI,57.022,2000
DJI,57.1,2001
DJI,57.235,2002
DJI,57.427,2003
DJI,57.682,2004
DJI,57.991,2005
DJI,58.34,2006
DJI,58.719,2007
DJI,59.124,2008
DJI,59.561,2009
DJI,60.062,2010
DJI,60.667,2011
DJI,61.395,2012
DJI,62.239,2013
DJI,63.171,2014
DJI,64.136,2015
DJI,65.064,2016
DJI,65.893,2017
DJI,66.582,2018
DJI,67.112,2019
DNK,76.34146341,1999
DNK,76.59268293,2000
DNK,76.79268293,2001
DNK,76.89512195,2002
DNK,77.14390244,2003
DNK,77.49268293,2004
DNK,77.84390244,2005
DNK,78.09512195,2006
DNK,78.19512195,2007
DNK,78.44634146,2008
DNK,78.59756098,2009
DNK,79.1,2010
DNK,79.8,2011
DNK,80.05121951,2012
DNK,80.3,2013
DNK,80.7,2014
DNK,80.70243902,2015
DNK,80.85365854,2016
DNK,81.10243902,2017
DNK,80.95365854,2018
DNK,81.20243902,2019
DOM,69.175,1999
DOM,69.429,2000
DOM,69.69,2001
DOM,69.957,2002
DOM,70.227,2003
DOM,70.499,2004
DOM,70.771,2005
DOM,71.041,2006
DOM,71.304,2007
DOM,71.559,2008
DOM,71.806,2009
DOM,72.046,2010
DOM,72.284,2011
DOM,72.523,2012
DOM,72.763,2013
DOM,73.003,2014
DOM,73.241,2015
DOM,73.471,2016
DOM,73.689,2017
DOM,73.892,2018
DOM,74.081,2019
DZA,70.183,1999
DZA,70.64,2000
DZA,71.116,2001
DZA,71.605,2002
DZA,72.101,2003
DZA,72.594,2004
DZA,73.072,2005
DZA,73.521,2006
DZA,73.936,2007
DZA,74.311,2008
DZA,74.644,2009
DZA,74.938,2010
DZA,75.199,2011
DZA,75.436,2012
DZA,75.661,2013
DZA,75.878,2014
DZA,76.09,2015
DZA,76.298,2016
DZA,76.499,2017
DZA,76.693,2018
DZA,76.88,2019
ECU,72.425,1999
ECU,72.761,2000
ECU,73.078,2001
ECU,73.371,2002
ECU,73.641,2003
ECU,73.887,2004
ECU,74.112,2005
ECU,74.319,2006
ECU,74.514,2007
ECU,74.705,2008
ECU,74.895,2009
ECU,75.089,2010
ECU,75.289,2011
ECU,75.495,2012
ECU,75.707,2013
ECU,75.923,2014
ECU,76.143,2015
ECU,76.365,2016
ECU,76.584,2017
ECU,76.8,2018
ECU,77.01,2019
EGY,68.357,1999
EGY,68.602,2000
EGY,68.796,2001
EGY,68.961,2002
EGY,69.116,2003
EGY,69.271,2004
EGY,69.434,2005
EGY,69.608,2006
EGY,69.788,2007
EGY,69.971,2008
EGY,70.159,2009
EGY,70.349,2010
EGY,70.543,2011
EGY,70.736,2012
EGY,70.928,2013
EGY,71.117,2014
EGY,71.302,2015
EGY,71.482,2016
EGY,71.656,2017
EGY,71.825,2018
EGY,71.99,2019
ERI,54.707,1999
ERI,55.273,2000
ERI,55.864,2001
ERI,56.5,2002
ERI,57.191,2003
ERI,57.932,2004
ERI,58.707,2005
ERI,59.487,2006
ERI,60.243,2007
ERI,60.952,2008
ERI,61.602,2009
ERI,62.193,2010
ERI,62.732,2011
ERI,63.238,2012
ERI,63.726,2013
ERI,64.201,2014
ERI,64.664,2015
ERI,65.111,2016
ERI,65.538,2017
ERI,65.941,2018
ERI,66.321,2019
ESP,78.71707317,1999
ESP,78.96585366,2000
ESP,79.36829268,2001
ESP,79.56829268,2002
ESP,79.6195122,2003
ESP,79.87073171,2004
ESP,80.17073171,2005
ESP,80.82195122,2006
ESP,80.87317073,2007
ESP,81.17560976,2008
ESP,81.47560976,2009
ESP,81.62682927,2010
ESP,82.47560976,2011
ESP,82.42682927,2012
ESP,83.07804878,2013
ESP,83.22926829,2014
ESP,82.83170732,2015
ESP,83.32926829,2016
ESP,83.28292683,2017
ESP,83.43170732,2018
ESP,83.48536585,2019
EST,70.06341463,1999
EST,70.41707317,2000
EST,70.25853659,2001
EST,70.90487805,2002
EST,71.31707317,2003
EST,71.9097561,2004
EST,72.56829268,2005
EST,72.69146341,2006
EST,72.81463415,2007
EST,73.77073171,2008
EST,74.82439024,2009
EST,75.42926829,2010
EST,76.22926829,2011
EST,76.32682927,2012
EST,77.14146341,2013
EST,77.03414634,2014
EST,77.5902439,2015
EST,77.64146341,2016
EST,78.09268293,2017
EST,78.24390244,2018
EST,78.49756098,2019
ETH,51.366,1999
ETH,51.941,2000
ETH,52.595,2001
ETH,53.349,2002
ETH,54.211,2003
ETH,55.174,2004
ETH,56.223,2005
ETH,57.334,2006
ETH,58.467,2007
ETH,59.581,2008
ETH,60.645,2009
ETH,61.627,2010
ETH,62.505,2011
ETH,63.281,2012
ETH,63.961,2013
ETH,64.547,2014
ETH,65.048,2015
ETH,65.482,2016
ETH,65.872,2017
ETH,66.24,2018
ETH,66.597,2019
FIN,77.29121951,1999
FIN,77.46585366,2000
FIN,77.96585366,2001
FIN,78.1195122,2002
FIN,78.36829268,2003
FIN,78.71463415,2004
FIN,78.81707317,2005
FIN,79.21463415,2006
FIN,79.26341463,2007
FIN,79.56829268,2008
FIN,79.7195122,2009
FIN,79.87073171,2010
FIN,80.47073171,2011
FIN,80.62682927,2012
FIN,80.97560976,2013
FIN,81.1804878,2014
FIN,81.4804878,2015
FIN,81.42926829,2016
FIN,81.63170732,2017
FIN,81.73414634,2018
FIN,81.78536585,2019
FJI,65.512,1999
FJI,65.687,2000
FJI,65.863,2001
FJI,66.022,2002
FJI,66.152,2003
FJI,66.247,2004
FJI,66.313,2005
FJI,66.362,2006
FJI,66.413,2007
FJI,66.477,2008
FJI,66.559,2009
FJI,66.655,2010
FJI,66.759,2011
FJI,66.859,2012
FJI,66.95,2013
FJI,67.03,2014
FJI,67.103,2015
FJI,67.175,2016
FJI,67.252,2017
FJI,67.341,2018
FJI,67.444,2019
FRA,78.75609756,1999
FRA,79.05609756,2000
FRA,79.15853659,2001
FRA,79.26097561,2002
FRA,79.11463415,2003
FRA,80.16341463,2004
FRA,80.16341463,2005
FRA,80.81219512,2006
FRA,81.11219512,2007
FRA,81.21463415,2008
FRA,81.41463415,2009
FRA,81.66341463,2010
FRA,82.11463415,2011
FRA,81.96829268,2012
FRA,82.2195122,2013
FRA,82.7195122,2014
FRA,82.32195122,2015
FRA,82.57317073,2016
FRA,82.57560976,2017
FRA,82.72439024,2018
FRA,82.57804878,2019
FSM,64.413,1999
FSM,64.55,2000
FSM,64.71,2001
FSM,64.888,2002
FSM,65.08,2003
FSM,65.282,2004
FSM,65.489,2005
FSM,65.697,2006
FSM,65.901,2007
FSM,66.099,2008
FSM,66.29,2009
FSM,66.471,2010
FSM,66.646,2011
FSM,66.817,2012
FSM,66.986,2013
FSM,67.152,2014
FSM,67.315,2015
FSM,67.471,2016
FSM,67.618,2017
FSM,67.755,2018
FSM,67.883,2019
GAB,58.646,1999
GAB,58.264,2000
GAB,57.968,2001
GAB,57.791,2002
GAB,57.759,2003
GAB,57.885,2004
GAB,58.181,2005
GAB,58.641,2006
GAB,59.229,2007
GAB,59.904,2008
GAB,60.637,2009
GAB,61.4,2010
GAB,62.168,2011
GAB,62.924,2012
GAB,63.648,2013
GAB,64.318,2014
GAB,64.913,2015
GAB,65.418,2016
GAB,65.839,2017
GAB,66.187,2018
GAB,66.467,2019
GBR,77.3902439,1999
GBR,77.74146341,2000
GBR,77.99268293,2001
GBR,78.14390244,2002
GBR,78.44634146,2003
GBR,78.74634146,2004
GBR,79.04878049,2005
GBR,79.24878049,2006
GBR,79.44878049,2007
GBR,79.6,2008
GBR,80.05121951,2009
GBR,80.40243902,2010
GBR,80.95121951,2011
GBR,80.90487805,2012
GBR,81.00487805,2013
GBR,81.30487805,2014
GBR,80.95609756,2015
GBR,81.15609756,2016
GBR,81.25609756,2017
GBR,81.25609756,2018
GBR,81.20487805,2019
GEO,69.756,1999
GEO,69.902,2000
GEO,70.065,2001
GEO,70.22,2002
GEO,70.349,2003
GEO,70.451,2004
GEO,70.538,2005
GEO,70.635,2006
GEO,70.765,2007
GEO,70.946,2008
GEO,71.18,2009
GEO,71.46,2010
GEO,71.773,2011
GEO,72.097,2012
GEO,72.412,2013
GEO,72.707,2014
GEO,72.973,2015
GEO,73.207,2016
GEO,73.414,2017
GEO,73.6,2018
GEO,73.767,2019
GHA,56.972,1999
GHA,57.002,2000
GHA,57.158,2001
GHA,57.425,2002
GHA,57.785,2003
GHA,58.225,2004
GHA,58.719,2005
GHA,59.234,2006
GHA,59.741,2007
GHA,60.216,2008
GHA,60.645,2009
GHA,61.03,2010
GHA,61.381,2011
GHA,61.72,2012
GHA,62.064,2013
GHA,62.416,2014
GHA,62.772,2015
GHA,63.124,2016
GHA,63.463,2017
GHA,63.78,2018
GHA,64.074,2019
GIN,51.295,1999
GIN,51.203,2000
GIN,51.255,2001
GIN,51.484,2002
GIN,51.901,2003
GIN,52.499,2004
GIN,53.238,2005
GIN,54.052,2006
GIN,54.864,2007
GIN,55.614,2008
GIN,56.279,2009
GIN,56.861,2010
GIN,57.387,2011
GIN,57.905,2012
GIN,58.447,2013
GIN,59.016,2014
GIN,59.598,2015
GIN,60.17,2016
GIN,60.706,2017
GIN,61.185,2018
GIN,61.602,2019
GMB,55.547,1999
GMB,55.956,2000
GMB,56.359,2001
GMB,56.761,2002
GMB,57.159,2003
GMB,57.553,2004
GMB,57.939,2005
GMB,58.313,2006
GMB,58.671,2007
GMB,59.012,2008
GMB,59.334,2009
GMB,59.637,2010
GMB,59.917,2011
GMB,60.178,2012
GMB,60.426,2013
GMB,60.667,2014
GMB,60.91,2015
GMB,61.166,2016
GMB,61.44,2017
GMB,61.735,2018
GMB,62.05,2019
GNB,49.999,1999
GNB,50.368,2000
GNB,50.744,2001
GNB,51.123,2002
GNB,51.501,2003
GNB,51.883,2004
GNB,52.275,2005
GNB,52.691,2006
GNB,53.136,2007
GNB,53.612,2008
GNB,54.113,2009
GNB,54.628,2010
GNB,55.144,2011
GNB,55.645,2012
GNB,56.117,2013
GNB,56.556,2014
GNB,56.959,2015
GNB,57.328,2016
GNB,57.673,2017
GNB,58.003,2018
GNB,58.322,2019
GNQ,52.93,1999
GNQ,53.279,2000
GNQ,53.581,2001
GNQ,53.84,2002
GNQ,54.064,2003
GNQ,54.263,2004
GNQ,54.449,2005
GNQ,54.638,2006
GNQ,54.842,2007
GNQ,55.07,2008
GNQ,55.329,2009
GNQ,55.622,2010
GNQ,55.945,2011
GNQ,56.288,2012
GNQ,56.642,2013
GNQ,57.001,2014
GNQ,57.359,2015
GNQ,57.713,2016
GNQ,58.061,2017
GNQ,58.402,2018
GNQ,58.735,2019
GRC,77.98780488,1999
GRC,77.88780488,2000
GRC,78.38780488,2001
GRC,78.64146341,2002
GRC,78.84146341,2003
GRC,79.03902439,2004
GRC,79.23902439,2005
GRC,79.43902439,2006
GRC,79.43902439,2007
GRC,79.93902439,2008
GRC,80.18780488,2009
GRC,80.38780488,2010
GRC,80.73170732,2011
GRC,80.63414634,2012
GRC,81.28536585,2013
GRC,81.38536585,2014
GRC,81.03658537,2015
GRC,81.38780488,2016
GRC,81.28780488,2017
GRC,81.78780488,2018
GRC,81.93902439,2019
GRD,72.455,1999
GRD,72.648,2000
GRD,72.805,2001
GRD,72.929,2002
GRD,73.023,2003
GRD,73.088,2004
GRD,73.123,2005
GRD,73.125,2006
GRD,73.096,2007
GRD,73.038,2008
GRD,72.96,2009
GRD,72.867,2010
GRD,72.768,2011
GRD,72.669,2012
GRD,72.579,2013
GRD,72.503,2014
GRD,72.445,2015
GRD,72.408,2016
GRD,72.388,2017
GRD,72.384,2018
GRD,72.397,2019
GTM,67.351,1999
GTM,67.849,2000
GTM,68.304,2001
GTM,68.717,2002
GTM,69.092,2003
GTM,69.437,2004
GTM,69.762,2005
GTM,70.082,2006
GTM,70.409,2007
GTM,70.75,2008
GTM,71.108,2009
GTM,71.481,2010
GTM,71.861,2011
GTM,72.236,2012
GTM,72.596,2013
GTM,72.935,2014
GTM,73.25,2015
GTM,73.541,2016
GTM,73.81,2017
GTM,74.063,2018
GTM,74.302,2019
GUM,74.646,1999
GUM,75.011,2000
GUM,75.373,2001
GUM,75.726,2002
GUM,76.065,2003
GUM,76.387,2004
GUM,76.687,2005
GUM,76.966,2006
GUM,77.227,2007
GUM,77.474,2008
GUM,77.71,2009
GUM,77.941,2010
GUM,78.173,2011
GUM,78.408,2012
GUM,78.649,2013
GUM,78.895,2014
GUM,79.144,2015
GUM,79.391,2016
GUM,79.631,2017
GUM,79.859,2018
GUM,80.074,2019
GUY,64.964,1999
GUY,65.242,2000
GUY,65.532,2001
GUY,65.828,2002
GUY,66.122,2003
GUY,66.412,2004
GUY,66.694,2005
GUY,66.972,2006
GUY,67.247,2007
GUY,67.521,2008
GUY,67.792,2009
GUY,68.059,2010
GUY,68.321,2011
GUY,68.575,2012
GUY,68.819,2013
GUY,69.049,2014
GUY,69.262,2015
GUY,69.454,2016
GUY,69.624,2017
GUY,69.774,2018
GUY,69.906,2019
HKG,80.38292683,1999
HKG,80.87804878,2000
HKG,81.42439024,2001
HKG,81.42682927,2002
HKG,81.37804878,2003
HKG,81.82926829,2004
HKG,81.62926829,2005
HKG,82.37560976,2006
HKG,82.32682927,2007
HKG,82.37560976,2008
HKG,82.77560976,2009
HKG,82.97804878,2010
HKG,83.42195122,2011
HKG,83.4804878,2012
HKG,83.83170732,2013
HKG,83.9804878,2014
HKG,84.27804878,2015
HKG,84.22682927,2016
HKG,84.6804878,2017
HKG,84.93414634,2018
HKG,85.07804878,2019
HND,70.378,1999
HND,70.689,2000
HND,70.976,2001
HND,71.249,2002
HND,71.511,2003
HND,71.77,2004
HND,72.026,2005
HND,72.285,2006
HND,72.544,2007
HND,72.803,2008
HND,73.061,2009
HND,73.317,2010
HND,73.569,2011
HND,73.814,2012
HND,74.051,2013
HND,74.278,2014
HND,74.495,2015
HND,74.701,2016
HND,74.898,2017
HND,75.088,2018
HND,75.27,2019
HRV,72.64195122,1999
HRV,72.80780488,2000
HRV,74.51292683,2001
HRV,74.71731707,2002
HRV,74.61390244,2003
HRV,75.5202439,2004
HRV,75.24463415,2005
HRV,75.83682927,2006
HRV,75.70560976,2007
HRV,75.91219512,2008
HRV,76.16829268,2009
HRV,76.47560976,2010
HRV,76.77560976,2011
HRV,76.92439024,2012
HRV,77.12682927,2013
HRV,77.47804878,2014
HRV,77.27560976,2015
HRV,78.02195122,2016
HRV,77.82682927,2017
HRV,78.07073171,2018
HRV,78.42439024,2019
HTI,56.891,1999
HTI,57.131,2000
HTI,57.382,2001
HTI,57.655,2002
HTI,57.959,2003
HTI,58.292,2004
HTI,58.652,2005
HTI,59.028,2006
HTI,59.408,2007
HTI,59.782,2008
HTI,60.148,2009
HTI,60.511,2010
HTI,60.879,2011
HTI,61.26,2012
HTI,61.658,2013
HTI,62.069,2014
HTI,62.485,2015
HTI,62.896,2016
HTI,63.29,2017
HTI,63.66,2018
HTI,64.001,2019
HUN,70.67707317,1999
HUN,71.24634146,2000
HUN,72.24878049,2001
HUN,72.34878049,2002
HUN,72.3,2003
HUN,72.64878049,2004
HUN,72.64878049,2005
HUN,73.09756098,2006
HUN,73.15121951,2007
HUN,73.70243902,2008
HUN,73.90487805,2009
HUN,74.20731707,2010
HUN,74.85853659,2011
HUN,75.06341463,2012
HUN,75.56585366,2013
HUN,75.76341463,2014
HUN,75.56829268,2015
HUN,76.06341463,2016
HUN,75.81707317,2017
HUN,76.06585366,2018
HUN,76.02195122,2019
IDN,65.513,1999
IDN,65.772,2000
IDN,66.037,2001
IDN,66.321,2002
IDN,66.631,2003
IDN,66.969,2004
IDN,67.334,2005
IDN,67.717,2006
IDN,68.105,2007
IDN,68.485,2008
IDN,68.853,2009
IDN,69.205,2010
IDN,69.542,2011
IDN,69.866,2012
IDN,70.179,2013
IDN,70.481,2014
IDN,70.768,2015
IDN,71.035,2016
IDN,71.282,2017
IDN,71.509,2018
IDN,71.716,2019
IND,62.093,1999
IND,62.505,2000
IND,62.907,2001
IND,63.304,2002
IND,63.699,2003
IND,64.095,2004
IND,64.5,2005
IND,64.918,2006
IND,65.35,2007
IND,65.794,2008
IND,66.244,2009
IND,66.693,2010
IND,67.13,2011
IND,67.545,2012
IND,67.931,2013
IND,68.286,2014
IND,68.607,2015
IND,68.897,2016
IND,69.165,2017
IND,69.416,2018
IND,69.656,2019
IRL,76.08292683,1999
IRL,76.53658537,2000
IRL,77.13414634,2001
IRL,77.63414634,2002
IRL,78.13902439,2003
IRL,78.53902439,2004
IRL,78.94390244,2005
IRL,79.24146341,2006
IRL,79.64146341,2007
IRL,80.09512195,2008
IRL,80.1902439,2009
IRL,80.74390244,2010
IRL,80.74634146,2011
IRL,80.84634146,2012
IRL,80.94878049,2013
IRL,81.34878049,2014
IRL,81.45365854,2015
IRL,81.65365854,2016
IRL,82.15609756,2017
IRL,82.25609756,2018
IRL,82.30243902,2019
IRN,69.813,1999
IRN,70.176,2000
IRN,70.553,2001
IRN,70.921,2002
IRN,71.265,2003
IRN,71.592,2004
IRN,71.917,2005
IRN,72.257,2006
IRN,72.626,2007
IRN,73.027,2008
IRN,73.457,2009
IRN,73.905,2010
IRN,74.352,2011
IRN,74.776,2012
IRN,75.162,2013
IRN,75.502,2014
IRN,75.796,2015
IRN,76.047,2016
IRN,76.271,2017
IRN,76.479,2018
IRN,76.677,2019
IRQ,69.108,1999
IRQ,69.082,2000
IRQ,68.983,2001
IRQ,68.827,2002
IRQ,68.636,2003
IRQ,68.437,2004
IRQ,68.266,2005
IRQ,68.157,2006
IRQ,68.13,2007
IRQ,68.19,2008
IRQ,68.34,2009
IRQ,68.567,2010
IRQ,68.848,2011
IRQ,69.148,2012
IRQ,69.437,2013
IRQ,69.7,2014
IRQ,69.929,2015
IRQ,70.122,2016
IRQ,70.294,2017
IRQ,70.454,2018
IRQ,70.604,2019
ISL,79.35121951,1999
ISL,79.65365854,2000
ISL,80.6902439,2001
ISL,80.50243902,2002
ISL,80.96341463,2003
ISL,80.99756098,2004
ISL,81.50243902,2005
ISL,81.15853659,2006
ISL,81.45365854,2007
ISL,81.6097561,2008
ISL,81.75121951,2009
ISL,81.89756098,2010
ISL,82.35853659,2011
ISL,82.91707317,2012
ISL,82.06097561,2013
ISL,82.86097561,2014
ISL,82.46829268,2015
ISL,82.20487805,2016
ISL,82.66097561,2017
ISL,82.86097561,2018
ISL,82.56097561,2019
ISR,78.65853659,1999
ISR,78.95365854,2000
ISR,79.40731707,2001
ISR,79.45121951,2002
ISR,79.64878049,2003
ISR,80.14634146,2004
ISR,80.15121951,2005
ISR,80.55365854,2006
ISR,80.50487805,2007
ISR,80.95121951,2008
ISR,81.40487805,2009
ISR,81.60243902,2010
ISR,81.65609756,2011
ISR,81.70487805,2012
ISR,82.05609756,2013
ISR,82.15365854,2014
ISR,82.05121951,2015
ISR,82.40731707,2016
ISR,82.55121951,2017
ISR,82.80243902,2018
ISR,82.80487805,2019
ITA,79.42439024,1999
ITA,79.77804878,2000
ITA,80.12682927,2001
ITA,80.22926829,2002
ITA,79.98292683,2003
ITA,80.7804878,2004
ITA,80.78292683,2005
ITA,81.28292683,2006
ITA,81.43414634,2007
ITA,81.48536585,2008
ITA,81.63658537,2009
ITA,82.03658537,2010
ITA,82.18780488,2011
ITA,82.23902439,2012
ITA,82.6902439,2013
ITA,83.0902439,2014
ITA,82.54390244,2015
ITA,83.24390244,2016
ITA,82.94634146,2017
ITA,83.34634146,2018
ITA,83.19756098,2019
JAM,74.152,1999
JAM,74.142,2000
JAM,74.139,2001
JAM,74.14,2002
JAM,74.142,2003
JAM,74.146,2004
JAM,74.148,2005
JAM,74.143,2006
JAM,74.129,2007
JAM,74.103,2008
JAM,74.071,2009
JAM,74.038,2010
JAM,74.012,2011
JAM,74.001,2012
JAM,74.01,2013
JAM,74.042,2014
JAM,74.098,2015
JAM,74.175,2016
JAM,74.267,2017
JAM,74.368,2018
JAM,74.475,2019
JOR,71.556,1999
JOR,71.73,2000
JOR,71.907,2001
JOR,72.083,2002
JOR,72.256,2003
JOR,72.427,2004
JOR,72.595,2005
JOR,72.763,2006
JOR,72.931,2007
JOR,73.099,2008
JOR,73.266,2009
JOR,73.428,2010
JOR,73.581,2011
JOR,73.722,2012
JOR,73.851,2013
JOR,73.969,2014
JOR,74.078,2015
JOR,74.184,2016
JOR,74.292,2017
JOR,74.405,2018
JOR,74.526,2019
JPN,80.57073171,1999
JPN,81.07609756,2000
JPN,81.41707317,2001
JPN,81.56341463,2002
JPN,81.76,2003
JPN,82.0302439,2004
JPN,81.92512195,2005
JPN,82.32195122,2006
JPN,82.50707317,2007
JPN,82.58756098,2008
JPN,82.93146341,2009
JPN,82.84268293,2010
JPN,82.59121951,2011
JPN,83.09609756,2012
JPN,83.33195122,2013
JPN,83.58780488,2014
JPN,83.79390244,2015
JPN,83.98487805,2016
JPN,84.0997561,2017
JPN,84.21097561,2018
JPN,84.35634146,2019
KAZ,65.63,1999
KAZ,65.45,2000
KAZ,65.76,2001
KAZ,65.95,2002
KAZ,65.74,2003
KAZ,66.06,2004
KAZ,65.86,2005
KAZ,66.15,2006
KAZ,66.34,2007
KAZ,67.11,2008
KAZ,68.39,2009
KAZ,68.45,2010
KAZ,68.69,2011
KAZ,69.52,2012
KAZ,70.62,2013
KAZ,71.44,2014
KAZ,71.97,2015
KAZ,72.41,2016
KAZ,72.95,2017
KAZ,73.15,2018
KAZ,73.18,2019
KEN,51.059,1999
KEN,50.921,2000
KEN,51.101,2001
KEN,51.606,2002
KEN,52.41,2003
KEN,53.475,2004
KEN,54.732,2005
KEN,56.093,2006
KEN,57.463,2007
KEN,58.76,2008
KEN,59.932,2009
KEN,60.959,2010
KEN,61.851,2011
KEN,62.659,2012
KEN,63.419,2013
KEN,64.135,2014
KEN,64.798,2015
KEN,65.393,2016
KEN,65.909,2017
KEN,66.342,2018
KEN,66.699,2019
KGZ,68.65609756,1999
KGZ,68.55853659,2000
KGZ,68.70731707,2001
KGZ,68.15609756,2002
KGZ,68.25609756,2003
KGZ,68.15365854,2004
KGZ,67.95609756,2005
KGZ,67.69512195,2006
KGZ,67.89512195,2007
KGZ,68.45121951,2008
KGZ,69.10243902,2009
KGZ,69.3,2010
KGZ,69.60243902,2011
KGZ,70.00243902,2012
KGZ,70.20243902,2013
KGZ,70.40243902,2014
KGZ,70.65121951,2015
KGZ,70.95121951,2016
KGZ,71.2,2017
KGZ,71.4,2018
KGZ,71.6,2019
KHM,57.604,1999
KHM,58.432,2000
KHM,59.335,2001
KHM,60.283,2002
KHM,61.241,2003
KHM,62.186,2004
KHM,63.088,2005
KHM,63.927,2006
KHM,64.697,2007
KHM,65.394,2008
KHM,66.014,2009
KHM,66.56,2010
KHM,67.043,2011
KHM,67.48,2012
KHM,67.888,2013
KHM,68.273,2014
KHM,68.637,2015
KHM,68.977,2016
KHM,69.289,2017
KHM,69.57,2018
KHM,69.823,2019
KIR,62.829,1999
KIR,63.144,2000
KIR,63.446,2001
KIR,63.731,2002
KIR,63.995,2003
KIR,64.242,2004
KIR,64.478,2005
KIR,64.712,2006
KIR,64.953,2007
KIR,65.208,2008
KIR,65.48,2009
KIR,65.769,2010
KIR,66.072,2011
KIR,66.381,2012
KIR,66.69,2013
KIR,66.995,2014
KIR,67.291,2015
KIR,67.577,2016
KIR,67.851,2017
KIR,68.116,2018
KIR,68.369,2019
KOR,75.4097561,1999
KOR,75.9097561,2000
KOR,76.41219512,2001
KOR,76.76585366,2002
KOR,77.21463415,2003
KOR,77.66585366,2004
KOR,78.16829268,2005
KOR,78.66829268,2006
KOR,79.1195122,2007
KOR,79.51707317,2008
KOR,79.96829268,2009
KOR,80.11707317,2010
KOR,80.56829268,2011
KOR,80.8195122,2012
KOR,81.27073171,2013
KOR,81.72195122,2014
KOR,82.02439024,2015
KOR,82.27560976,2016
KOR,82.62682927,2017
KOR,82.62682927,2018
KOR,83.22682927,2019
KWT,73.074,1999
KWT,73.142,2000
KWT,73.21,2001
KWT,73.28,2002
KWT,73.355,2003
KWT,73.439,2004
KWT,73.538,2005
KWT,73.66,2006
KWT,73.807,2007
KWT,73.976,2008
KWT,74.162,2009
KWT,74.358,2010
KWT,74.55,2011
KWT,74.728,2012
KWT,74.885,2013
KWT,75.019,2014
KWT,75.13,2015
KWT,75.224,2016
KWT,75.311,2017
KWT,75.398,2018
KWT,75.489,2019
LAO,58.225,1999
LAO,58.803,2000
LAO,59.372,2001
LAO,59.937,2002
LAO,60.502,2003
LAO,61.065,2004
LAO,61.625,2005
LAO,62.182,2006
LAO,62.731,2007
LAO,63.271,2008
LAO,63.797,2009
LAO,64.306,2010
LAO,64.797,2011
LAO,65.267,2012
LAO,65.717,2013
LAO,66.144,2014
LAO,66.546,2015
LAO,66.924,2016
LAO,67.277,2017
LAO,67.61,2018
LAO,67.923,2019
LBN,74.017,1999
LBN,74.507,2000
LBN,74.999,2001
LBN,75.488,2002
LBN,75.969,2003
LBN,76.432,2004
LBN,76.865,2005
LBN,77.26,2006
LBN,77.609,2007
LBN,77.911,2008
LBN,78.161,2009
LBN,78.36,2010
LBN,78.507,2011
LBN,78.611,2012
LBN,78.683,2013
LBN,78.732,2014
LBN,78.768,2015
LBN,78.8,2016
LBN,78.833,2017
LBN,78.875,2018
LBN,78.93,2019
LBR,51.234,1999
LBR,51.734,2000
LBR,52.236,2001
LBR,52.826,2002
LBR,53.554,2003
LBR,54.422,2004
LBR,55.393,2005
LBR,56.4,2006
LBR,57.365,2007
LBR,58.229,2008
LBR,58.971,2009
LBR,59.6,2010
LBR,60.146,2011
LBR,60.663,2012
LBR,61.186,2013
LBR,61.723,2014
LBR,62.269,2015
LBR,62.802,2016
LBR,63.295,2017
LBR,63.73,2018
LBR,64.104,2019
LBY,70.684,1999
LBY,70.852,2000
LBY,71.038,2001
LBY,71.244,2002
LBY,71.466,2003
LBY,71.693,2004
LBY,71.902,2005
LBY,72.063,2006
LBY,72.155,2007
LBY,72.174,2008
LBY,72.129,2009
LBY,72.044,2010
LBY,71.956,2011
LBY,71.901,2012
LBY,71.907,2013
LBY,71.981,2014
LBY,72.121,2015
LBY,72.311,2016
LBY,72.52,2017
LBY,72.724,2018
LBY,72.913,2019
LCA,73.144,1999
LCA,73.319,2000
LCA,73.486,2001
LCA,73.648,2002
LCA,73.808,2003
LCA,73.966,2004
LCA,74.122,2005
LCA,74.276,2006
LCA,74.426,2007
LCA,74.571,2008
LCA,74.712,2009
LCA,74.852,2010
LCA,74.993,2011
LCA,75.138,2012
LCA,75.286,2013
LCA,75.44,2014
LCA,75.596,2015
LCA,75.752,2016
LCA,75.907,2017
LCA,76.057,2018
LCA,76.203,2019
LKA,70.503,1999
LKA,71.333,2000
LKA,72.233,2001
LKA,73.085,2002
LKA,73.799,2003
LKA,74.337,2004
LKA,74.695,2005
LKA,74.904,2006
LKA,75.037,2007
LKA,75.157,2008
LKA,75.286,2009
LKA,75.439,2010
LKA,75.614,2011
LKA,75.796,2012
LKA,75.974,2013
LKA,76.147,2014
LKA,76.316,2015
LKA,76.482,2016
LKA,76.648,2017
LKA,76.812,2018
LKA,76.978,2019
LSO,49.328,1999
LSO,47.691,2000
LSO,46.197,2001
LSO,44.898,2002
LSO,43.845,2003
LSO,43.083,2004
LSO,42.658,2005
LSO,42.595,2006
LSO,42.854,2007
LSO,43.384,2008
LSO,44.146,2009
LSO,45.1,2010
LSO,46.207,2011
LSO,47.416,2012
LSO,48.663,2013
LSO,49.891,2014
LSO,51.038,2015
LSO,52.059,2016
LSO,52.947,2017
LSO,53.705,2018
LSO,54.331,2019
LTU,71.57073171,1999
LTU,72.0195122,2000
LTU,71.65853659,2001
LTU,71.76097561,2002
LTU,72.06097561,2003
LTU,71.96097561,2004
LTU,71.25365854,2005
LTU,71.05609756,2006
LTU,70.9,2007
LTU,71.81219512,2008
LTU,72.91463415,2009
LTU,73.26829268,2010
LTU,73.56341463,2011
LTU,73.86341463,2012
LTU,73.91463415,2013
LTU,74.51707317,2014
LTU,74.32195122,2015
LTU,74.67073171,2016
LTU,75.4804878,2017
LTU,75.6804878,2018
LTU,76.13414634,2019
LUX,77.77073171,1999
LUX,77.87317073,2000
LUX,77.82439024,2001
LUX,77.96585366,2002
LUX,77.72682927,2003
LUX,79.12195122,2004
LUX,79.43170732,2005
LUX,79.28780488,2006
LUX,79.38292683,2007
LUX,80.53902439,2008
LUX,80.63658537,2009
LUX,80.63170732,2010
LUX,80.98780488,2011
LUX,81.39268293,2012
LUX,81.8,2013
LUX,82.22926829,2014
LUX,82.29268293,2015
LUX,82.68536585,2016
LUX,82.09512195,2017
LUX,82.29512195,2018
LUX,82.44634146,2019
LVA,69.74292683,1999
LVA,70.31463415,2000
LVA,70.76097561,2001
LVA,70.96097561,2002
LVA,71.26585366,2003
LVA,72.02682927,2004
LVA,71.35609756,2005
LVA,70.86585366,2006
LVA,71.0195122,2007
LVA,72.4195122,2008
LVA,73.0804878,2009
LVA,73.48292683,2010
LVA,73.57560976,2011
LVA,73.77804878,2012
LVA,73.98292683,2013
LVA,74.12439024,2014
LVA,74.4804878,2015
LVA,74.5804878,2016
LVA,74.62926829,2017
LVA,74.78292683,2018
LVA,75.23902439,2019
MAC,80.15,1999
MAC,80.407,2000
MAC,80.645,2001
MAC,80.87,2002
MAC,81.089,2003
MAC,81.304,2004
MAC,81.523,2005
MAC,81.748,2006
MAC,81.981,2007
MAC,82.22,2008
MAC,82.462,2009
MAC,82.704,2010
MAC,82.938,2011
MAC,83.158,2012
MAC,83.361,2013
MAC,83.543,2014
MAC,83.707,2015
MAC,83.854,2016
MAC,83.989,2017
MAC,84.118,2018
MAC,84.244,2019
MAR,68.245,1999
MAR,68.684,2000
MAR,69.193,2001
MAR,69.769,2002
MAR,70.399,2003
MAR,71.067,2004
MAR,71.746,2005
MAR,72.403,2006
MAR,73.009,2007
MAR,73.546,2008
MAR,74.003,2009
MAR,74.382,2010
MAR,74.696,2011
MAR,74.97,2012
MAR,75.227,2013
MAR,75.477,2014
MAR,75.726,2015
MAR,75.974,2016
MAR,76.218,2017
MAR,76.453,2018
MAR,76.68,2019
MDA,66.852,1999
MDA,67.006,2000
MDA,67.185,2001
MDA,67.362,2002
MDA,67.521,2003
MDA,67.665,2004
MDA,67.82,2005
MDA,68.022,2006
MDA,68.302,2007
MDA,68.671,2008
MDA,69.119,2009
MDA,69.616,2010
MDA,70.119,2011
MDA,70.581,2012
MDA,70.968,2013
MDA,71.267,2014
MDA,71.478,2015
MDA,71.617,2016
MDA,71.717,2017
MDA,71.808,2018
MDA,71.901,2019
MDG,57.782,1999
MDG,58.485,2000
MDG,59.129,2001
MDG,59.717,2002
MDG,60.256,2003
MDG,60.752,2004
MDG,61.212,2005
MDG,61.65,2006
MDG,62.079,2007
MDG,62.509,2008
MDG,62.944,2009
MDG,63.388,2010
MDG,63.836,2011
MDG,64.28,2012
MDG,64.713,2013
MDG,65.133,2014
MDG,65.539,2015
MDG,65.931,2016
MDG,66.311,2017
MDG,66.681,2018
MDG,67.041,2019
MDV,69.348,1999
MDV,70.173,2000
MDV,70.964,2001
MDV,71.708,2002
MDV,72.399,2003
MDV,73.034,2004
MDV,73.612,2005
MDV,74.138,2006
MDV,74.621,2007
MDV,75.073,2008
MDV,75.499,2009
MDV,75.905,2010
MDV,76.293,2011
MDV,76.664,2012
MDV,77.018,2013
MDV,77.36,2014
MDV,77.691,2015
MDV,78.013,2016
MDV,78.325,2017
MDV,78.627,2018
MDV,78.921,2019
MEX,73.988,1999
MEX,74.34,2000
MEX,74.658,2001
MEX,74.922,2002
MEX,75.118,2003
MEX,75.243,2004
MEX,75.3,2005
MEX,75.296,2006
MEX,75.255,2007
MEX,75.194,2008
MEX,75.128,2009
MEX,75.065,2010
MEX,75.011,2011
MEX,74.966,2012
MEX,74.93,2013
MEX,74.908,2014
MEX,74.904,2015
MEX,74.917,2016
MEX,74.947,2017
MEX,74.992,2018
MEX,75.054,2019
MHL,67.50487805,1999
MHL,65.23902439,2000
MKD,73.038,1999
MKD,73.267,2000
MKD,73.47,2001
MKD,73.642,2002
MKD,73.781,2003
MKD,73.892,2004
MKD,73.986,2005
MKD,74.08,2006
MKD,74.19,2007
MKD,74.324,2008
MKD,74.484,2009
MKD,74.662,2010
MKD,74.846,2011
MKD,75.019,2012
MKD,75.171,2013
MKD,75.299,2014
MKD,75.406,2015
MKD,75.498,2016
MKD,75.589,2017
MKD,75.688,2018
MKD,75.797,2019
MLI,47.515,1999
MLI,48.069,2000
MLI,48.758,2001
MLI,49.54,2002
MLI,50.373,2003
MLI,51.224,2004
MLI,52.057,2005
MLI,52.839,2006
MLI,53.553,2007
MLI,54.193,2008
MLI,54.756,2009
MLI,55.251,2010
MLI,55.701,2011
MLI,56.135,2012
MLI,56.578,2013
MLI,57.036,2014
MLI,57.509,2015
MLI,57.987,2016
MLI,58.452,2017
MLI,58.893,2018
MLI,59.306,2019
MLT,77.5,1999
MLT,78.34878049,2000
MLT,78.84390244,2001
MLT,78.73902439,2002
MLT,78.54634146,2003
MLT,79.25365854,2004
MLT,79.3,2005
MLT,79.43902439,2006
MLT,79.79268293,2007
MLT,79.63658537,2008
MLT,80.24146341,2009
MLT,81.39756098,2010
MLT,80.74634146,2011
MLT,80.74634146,2012
MLT,81.74634146,2013
MLT,82.04634146,2014
MLT,81.89756098,2015
MLT,82.45365854,2016
MLT,82.34634146,2017
MLT,82.44878049,2018
MLT,82.6,2019
MMR,59.744,1999
MMR,60.063,2000
MMR,60.377,2001
MMR,60.685,2002
MMR,60.989,2003
MMR,61.294,2004
MMR,61.607,2005
MMR,61.938,2006
MMR,62.294,2007
MMR,62.678,2008
MMR,63.089,2009
MMR,63.525,2010
MMR,63.983,2011
MMR,64.453,2012
MMR,64.921,2013
MMR,65.378,2014
MMR,65.81,2015
MMR,66.205,2016
MMR,66.558,2017
MMR,66.867,2018
MMR,67.134,2019
MNE,73.287,1999
MNE,73.228,2000
MNE,73.233,2001
MNE,73.285,2002
MNE,73.37,2003
MNE,73.486,2004
MNE,73.642,2005
MNE,73.85,2006
MNE,74.115,2007
MNE,74.43,2008
MNE,74.784,2009
MNE,75.151,2010
MNE,75.505,2011
MNE,75.823,2012
MNE,76.089,2013
MNE,76.297,2014
MNE,76.452,2015
MNE,76.568,2016
MNE,76.667,2017
MNE,76.77,2018
MNE,76.884,2019
MNG,62.446,1999
MNG,62.869,2000
MNG,63.319,2001
MNG,63.777,2002
MNG,64.23,2003
MNG,64.671,2004
MNG,65.103,2005
MNG,65.538,2006
MNG,65.985,2007
MNG,66.447,2008
MNG,66.916,2009
MNG,67.38,2010
MNG,67.818,2011
MNG,68.217,2012
MNG,68.566,2013
MNG,68.863,2014
MNG,69.111,2015
MNG,69.321,2016
MNG,69.509,2017
MNG,69.689,2018
MNG,69.87,2019
MOZ,48.572,1999
MOZ,48.946,2000
MOZ,49.295,2001
MOZ,49.61,2002
MOZ,49.889,2003
MOZ,50.143,2004
MOZ,50.387,2005
MOZ,50.641,2006
MOZ,50.934,2007
MOZ,51.292,2008
MOZ,51.738,2009
MOZ,52.31,2010
MOZ,53.043,2011
MOZ,53.931,2012
MOZ,54.949,2013
MOZ,56.062,2014
MOZ,57.206,2015
MOZ,58.309,2016
MOZ,59.309,2017
MOZ,60.163,2018
MOZ,60.854,2019
MRT,60.643,1999
MRT,60.706,2000
MRT,60.788,2001
MRT,60.892,2002
MRT,61.018,2003
MRT,61.17,2004
MRT,61.349,2005
MRT,61.552,2006
MRT,61.776,2007
MRT,62.015,2008
MRT,62.266,2009
MRT,62.527,2010
MRT,62.799,2011
MRT,63.079,2012
MRT,63.366,2013
MRT,63.654,2014
MRT,63.936,2015
MRT,64.208,2016
MRT,64.464,2017
MRT,64.704,2018
MRT,64.925,2019
MUS,70.96097561,1999
MUS,71.66341463,2000
MUS,71.76585366,2001
MUS,71.96585366,2002
MUS,72.11707317,2003
MUS,72.26585366,2004
MUS,72.43219512,2005
MUS,72.43219512,2006
MUS,72.57073171,2007
MUS,72.57073171,2008
MUS,72.88243902,2009
MUS,72.96731707,2010
MUS,73.26682927,2011
MUS,73.86341463,2012
MUS,74.01707317,2013
MUS,74.19439024,2014
MUS,74.35317073,2015
MUS,74.39487805,2016
MUS,74.51463415,2017
MUS,74.41634146,2018
MUS,74.23585366,2019
MWI,45.136,1999
MWI,45.09,2000
MWI,45.204,2001
MWI,45.517,2002
MWI,46.052,2003
MWI,46.823,2004
MWI,47.844,2005
MWI,49.118,2006
MWI,50.595,2007
MWI,52.206,2008
MWI,53.888,2009
MWI,55.564,2010
MWI,57.161,2011
MWI,58.629,2012
MWI,59.931,2013
MWI,61.042,2014
MWI,61.953,2015
MWI,62.681,2016
MWI,63.279,2017
MWI,63.798,2018
MWI,64.263,2019
MYS,72.418,1999
MYS,72.594,2000
MYS,72.782,2001
MYS,72.976,2002
MYS,73.17,2003
MYS,73.364,2004
MYS,73.555,2005
MYS,73.744,2006
MYS,73.931,2007
MYS,74.118,2008
MYS,74.305,2009
MYS,74.493,2010
MYS,74.683,2011
MYS,74.877,2012
MYS,75.072,2013
MYS,75.268,2014
MYS,75.461,2015
MYS,75.649,2016
MYS,75.828,2017
MYS,75.997,2018
MYS,76.156,2019
NAM,53.231,1999
NAM,52.192,2000
NAM,51.399,2001
NAM,50.862,2002
NAM,50.589,2003
NAM,50.6,2004
NAM,50.931,2005
NAM,51.609,2006
NAM,52.593,2007
NAM,53.817,2008
NAM,55.207,2009
NAM,56.665,2010
NAM,58.085,2011
NAM,59.387,2012
NAM,60.513,2013
NAM,61.425,2014
NAM,62.119,2015
NAM,62.625,2016
NAM,63.021,2017
NAM,63.373,2018
NAM,63.708,2019
NER,49.279,1999
NER,49.928,2000
NER,50.584,2001
NER,51.256,2002
NER,51.95,2003
NER,52.668,2004
NER,53.411,2005
NER,54.18,2006
NER,54.968,2007
NER,55.764,2008
NER,56.557,2009
NER,57.333,2010
NER,58.081,2011
NER,58.79,2012
NER,59.455,2013
NER,60.07,2014
NER,60.631,2015
NER,61.137,2016
NER,61.599,2017
NER,62.024,2018
NER,62.42,2019
NGA,46.103,1999
NGA,46.267,2000
NGA,46.51,2001
NGA,46.835,2002
NGA,47.242,2003
NGA,47.72,2004
NGA,48.252,2005
NGA,48.812,2006
NGA,49.373,2007
NGA,49.913,2008
NGA,50.422,2009
NGA,50.896,2010
NGA,51.346,2011
NGA,51.786,2012
NGA,52.228,2013
NGA,52.672,2014
NGA,53.112,2015
NGA,53.541,2016
NGA,53.95,2017
NGA,54.332,2018
NGA,54.687,2019
NIC,69.1,1999
NIC,69.527,2000
NIC,69.934,2001
NIC,70.308,2002
NIC,70.64,2003
NIC,70.933,2004
NIC,71.195,2005
NIC,71.436,2006
NIC,71.673,2007
NIC,71.915,2008
NIC,72.167,2009
NIC,72.428,2010
NIC,72.692,2011
NIC,72.951,2012
NIC,73.197,2013
NIC,73.429,2014
NIC,73.649,2015
NIC,73.86,2016
NIC,74.068,2017
NIC,74.275,2018
NIC,74.485,2019
NLD,77.83658537,1999
NLD,77.98780488,2000
NLD,78.1902439,2001
NLD,78.29268293,2002
NLD,78.49268293,2003
NLD,79.09512195,2004
NLD,79.34634146,2005
NLD,79.69756098,2006
NLD,80.09756098,2007
NLD,80.25121951,2008
NLD,80.54878049,2009
NLD,80.70243902,2010
NLD,81.20487805,2011
NLD,81.10487805,2012
NLD,81.30487805,2013
NLD,81.70731707,2014
NLD,81.5097561,2015
NLD,81.56097561,2016
NLD,81.76097561,2017
NLD,81.81219512,2018
NLD,82.01219512,2019
NOR,78.28292683,1999
NOR,78.63414634,2000
NOR,78.78536585,2001
NOR,78.98780488,2002
NOR,79.3902439,2003
NOR,79.84146341,2004
NOR,80.04146341,2005
NOR,80.34390244,2006
NOR,80.39512195,2007
NOR,80.59268293,2008
NOR,80.79512195,2009
NOR,80.99756098,2010
NOR,81.29512195,2011
NOR,81.45121951,2012
NOR,81.75121951,2013
NOR,82.1,2014
NOR,82.30487805,2015
NOR,82.40731707,2016
NOR,82.6097561,2017
NOR,82.75853659,2018
NOR,82.90731707,2019
NPL,61.6,1999
NPL,62.288,2000
NPL,62.945,2001
NPL,63.57,2002
NPL,64.165,2003
NPL,64.729,2004
NPL,65.264,2005
NPL,65.773,2006
NPL,66.26,2007
NPL,66.727,2008
NPL,67.178,2009
NPL,67.611,2010
NPL,68.028,2011
NPL,68.426,2012
NPL,68.806,2013
NPL,69.168,2014
NPL,69.515,2015
NPL,69.848,2016
NPL,70.169,2017
NPL,70.478,2018
NPL,70.778,2019
NZL,77.8902439,1999
NZL,78.63658537,2000
NZL,78.69268293,2001
NZL,78.84634146,2002
NZL,79.14634146,2003
NZL,79.54878049,2004
NZL,79.85121951,2005
NZL,80.04878049,2006
NZL,80.15121951,2007
NZL,80.35121951,2008
NZL,80.70243902,2009
NZL,80.70243902,2010
NZL,80.90487805,2011
NZL,81.15609756,2012
NZL,81.40731707,2013
NZL,81.40487805,2014
NZL,81.45682927,2015
NZL,81.61243902,2016
NZL,81.65853659,2017
NZL,81.85853659,2018
NZL,81.70731707,2019
OMN,71.664,1999
OMN,72.126,2000
OMN,72.58,2001
OMN,73.022,2002
OMN,73.447,2003
OMN,73.851,2004
OMN,74.23,2005
OMN,74.577,2006
OMN,74.893,2007
OMN,75.179,2008
OMN,75.44,2009
OMN,75.682,2010
OMN,75.916,2011
OMN,76.149,2012
OMN,76.388,2013
OMN,76.634,2014
OMN,76.887,2015
OMN,77.142,2016
OMN,77.393,2017
OMN,77.633,2018
OMN,77.861,2019
PAK,62.564,1999
PAK,62.82,2000
PAK,63.066,2001
PAK,63.3,2002
PAK,63.522,2003
PAK,63.736,2004
PAK,63.951,2005
PAK,64.176,2006
PAK,64.42,2007
PAK,64.685,2008
PAK,64.969,2009
PAK,65.264,2010
PAK,65.562,2011
PAK,65.849,2012
PAK,66.117,2013
PAK,66.36,2014
PAK,66.577,2015
PAK,66.77,2016
PAK,66.947,2017
PAK,67.114,2018
PAK,67.273,2019
PAN,74.881,1999
PAN,75.06,2000
PAN,75.233,2001
PAN,75.401,2002
PAN,75.565,2003
PAN,75.728,2004
PAN,75.892,2005
PAN,76.06,2006
PAN,76.234,2007
PAN,76.414,2008
PAN,76.6,2009
PAN,76.792,2010
PAN,76.989,2011
PAN,77.188,2012
PAN,77.386,2013
PAN,77.583,2014
PAN,77.776,2015
PAN,77.964,2016
PAN,78.149,2017
PAN,78.329,2018
PAN,78.506,2019
PER,70.7,1999
PER,71.111,2000
PER,71.505,2001
PER,71.882,2002
PER,72.24,2003
PER,72.581,2004
PER,72.908,2005
PER,73.222,2006
PER,73.528,2007
PER,73.826,2008
PER,74.12,2009
PER,74.41,2010
PER,74.697,2011
PER,74.981,2012
PER,75.258,2013
PER,75.529,2014
PER,75.792,2015
PER,76.044,2016
PER,76.286,2017
PER,76.516,2018
PER,76.736,2019
PHL,68.744,1999
PHL,68.793,2000
PHL,68.835,2001
PHL,68.88,2002
PHL,68.937,2003
PHL,69.013,2004
PHL,69.112,2005
PHL,69.233,2006
PHL,69.37,2007
PHL,69.515,2008
PHL,69.667,2009
PHL,69.823,2010
PHL,69.984,2011
PHL,70.149,2012
PHL,70.315,2013
PHL,70.481,2014
PHL,70.644,2015
PHL,70.802,2016
PHL,70.952,2017
PHL,71.095,2018
PHL,71.231,2019
PNG,59.049,1999
PNG,59.265,2000
PNG,59.487,2001
PNG,59.722,2002
PNG,59.974,2003
PNG,60.245,2004
PNG,60.534,2005
PNG,60.836,2006
PNG,61.141,2007
PNG,61.442,2008
PNG,61.739,2009
PNG,62.029,2010
PNG,62.316,2011
PNG,62.604,2012
PNG,62.892,2013
PNG,63.181,2014
PNG,63.466,2015
PNG,63.744,2016
PNG,64.01,2017
PNG,64.263,2018
PNG,64.501,2019
POL,73.04390244,1999
POL,73.74878049,2000
POL,74.2,2001
POL,74.49756098,2002
POL,74.59756098,2003
POL,74.84634146,2004
POL,74.99512195,2005
POL,75.14390244,2006
POL,75.24390244,2007
POL,75.54390244,2008
POL,75.69512195,2009
POL,76.24634146,2010
POL,76.69512195,2011
POL,76.74634146,2012
POL,77,2013
POL,77.60243902,2014
POL,77.45121951,2015
POL,77.85121951,2016
POL,77.75365854,2017
POL,77.60243902,2018
POL,77.85609756,2019
PRI,75.3754878,1999
PRI,76.68926829,2000
PRI,77.06682927,2001
PRI,77.7604878,2002
PRI,78.07121951,2003
PRI,78.17585366,2004
PRI,78.29609756,2005
PRI,78.41634146,2006
PRI,78.42585366,2007
PRI,77.96292683,2008
PRI,78.191,2009
PRI,78.41909756,2010
PRI,78.64065854,2011
PRI,78.84758537,2012
PRI,79.03434146,2013
PRI,79.20246341,2014
PRI,79.3534878,2015
PRI,79.49497561,2016
PRI,79.63453659,2017
PRI,79.77819512,2018
PRI,79.9285122,2019
PRT,75.96341463,1999
PRT,76.31463415,2000
PRT,76.81463415,2001
PRT,77.06585366,2002
PRT,77.2195122,2003
PRT,77.67073171,2004
PRT,78.07073171,2005
PRT,78.4195122,2006
PRT,78.32195122,2007
PRT,78.52439024,2008
PRT,78.72682927,2009
PRT,79.02682927,2010
PRT,80.47073171,2011
PRT,80.37317073,2012
PRT,80.72195122,2013
PRT,81.12195122,2014
PRT,81.12439024,2015
PRT,81.12439024,2016
PRT,81.42439024,2017
PRT,81.32439024,2018
PRT,80.68292683,2019
PRY,70.31,1999
PRY,70.546,2000
PRY,70.786,2001
PRY,71.023,2002
PRY,71.249,2003
PRY,71.464,2004
PRY,71.667,2005
PRY,71.862,2006
PRY,72.055,2007
PRY,72.251,2008
PRY,72.45,2009
PRY,72.653,2010
PRY,72.86,2011
PRY,73.068,2012
PRY,73.274,2013
PRY,73.473,2014
PRY,73.662,2015
PRY,73.836,2016
PRY,73.992,2017
PRY,74.131,2018
PRY,74.254,2019
PSE,70.797,1999
PSE,71.022,2000
PSE,71.239,2001
PSE,71.447,2002
PSE,71.648,2003
PSE,71.842,2004
PSE,72.028,2005
PSE,72.203,2006
PSE,72.366,2007
PSE,72.517,2008
PSE,72.656,2009
PSE,72.788,2010
PSE,72.915,2011
PSE,73.041,2012
PSE,73.17,2013
PSE,73.303,2014
PSE,73.442,2015
PSE,73.589,2016
PSE,73.74,2017
PSE,73.895,2018
PSE,74.053,2019
QAT,77.327,1999
QAT,77.467,2000
QAT,77.612,2001
QAT,77.762,2002
QAT,77.919,2003
QAT,78.083,2004
QAT,78.252,2005
QAT,78.425,2006
QAT,78.601,2007
QAT,78.775,2008
QAT,78.945,2009
QAT,79.108,2010
QAT,79.26,2011
QAT,79.399,2012
QAT,79.527,2013
QAT,79.646,2014
QAT,79.758,2015
QAT,79.868,2016
QAT,79.981,2017
QAT,80.1,2018
QAT,80.227,2019
ROU,70.51219512,1999
ROU,71.16341463,2000
ROU,71.16097561,2001
ROU,71.0097561,2002
ROU,71.3097561,2003
ROU,71.56097561,2004
ROU,71.91219512,2005
ROU,72.16341463,2006
ROU,72.56585366,2007
ROU,72.56585366,2008
ROU,73.3097561,2009
ROU,73.45853659,2010
ROU,74.4097561,2011
ROU,74.41219512,2012
ROU,75.06341463,2013
ROU,74.9097561,2014
ROU,74.91219512,2015
ROU,75.2097561,2016
ROU,75.3097561,2017
ROU,75.35853659,2018
ROU,75.45853659,2019
RUS,65.98219512,1999
RUS,65.48365854,2000
RUS,65.38341463,2001
RUS,65.12878049,2002
RUS,65.02756098,2003
RUS,65.47097561,2004
RUS,65.5297561,2005
RUS,66.72756098,2006
RUS,67.58682927,2007
RUS,67.94926829,2008
RUS,68.68463415,2009
RUS,68.84121951,2010
RUS,69.68390244,2011
RUS,70.07219512,2012
RUS,70.57878049,2013
RUS,70.74365854,2014
RUS,71.18341463,2015
RUS,71.65121951,2016
RUS,72.45146341,2017
RUS,72.66219512,2018
RUS,73.08390244,2019
RWA,46.639,1999
RWA,48.649,2000
RWA,49.936,2001
RWA,50.987,2002
RWA,52.178,2003
RWA,53.595,2004
RWA,55.254,2005
RWA,57.083,2006
RWA,58.915,2007
RWA,60.612,2008
RWA,62.129,2009
RWA,63.433,2010
RWA,64.523,2011
RWA,65.438,2012
RWA,66.219,2013
RWA,66.884,2014
RWA,67.45,2015
RWA,67.93,2016
RWA,68.341,2017
RWA,68.7,2018
RWA,69.024,2019
SAU,72.327,1999
SAU,72.561,2000
SAU,72.759,2001
SAU,72.92,2002
SAU,73.051,2003
SAU,73.159,2004
SAU,73.256,2005
SAU,73.355,2006
SAU,73.467,2007
SAU,73.598,2008
SAU,73.75,2009
SAU,73.917,2010
SAU,74.089,2011
SAU,74.254,2012
SAU,74.402,2013
SAU,74.533,2014
SAU,74.651,2015
SAU,74.761,2016
SAU,74.874,2017
SAU,74.998,2018
SAU,75.133,2019
SDN,58.096,1999
SDN,58.472,2000
SDN,58.859,2001
SDN,59.258,2002
SDN,59.67,2003
SDN,60.092,2004
SDN,60.525,2005
SDN,60.969,2006
SDN,61.422,2007
SDN,61.879,2008
SDN,62.33,2009
SDN,62.764,2010
SDN,63.171,2011
SDN,63.542,2012
SDN,63.875,2013
SDN,64.169,2014
SDN,64.429,2015
SDN,64.663,2016
SDN,64.881,2017
SDN,65.095,2018
SDN,65.311,2019
SEN,57.523,1999
SEN,57.787,2000
SEN,58.177,2001
SEN,58.675,2002
SEN,59.259,2003
SEN,59.912,2004
SEN,60.62,2005
SEN,61.365,2006
SEN,62.126,2007
SEN,62.88,2008
SEN,63.607,2009
SEN,64.284,2010
SEN,64.898,2011
SEN,65.448,2012
SEN,65.939,2013
SEN,66.37,2014
SEN,66.747,2015
SEN,67.078,2016
SEN,67.38,2017
SEN,67.665,2018
SEN,67.941,2019
SGP,77.55121951,1999
SGP,77.95121951,2000
SGP,78.25121951,2001
SGP,78.55121951,2002
SGP,79.03902439,2003
SGP,79.4902439,2004
SGP,79.9902439,2005
SGP,80.14146341,2006
SGP,80.44146341,2007
SGP,80.7902439,2008
SGP,81.24146341,2009
SGP,81.54146341,2010
SGP,81.74390244,2011
SGP,81.99512195,2012
SGP,82.24634146,2013
SGP,82.49512195,2014
SGP,82.74390244,2015
SGP,82.84634146,2016
SGP,83.09512195,2017
SGP,83.29756098,2018
SGP,83.49756098,2019
SLB,67.057,1999
SLB,67.442,2000
SLB,67.816,2001
SLB,68.175,2002
SLB,68.518,2003
SLB,68.845,2004
SLB,69.158,2005
SLB,69.462,2006
SLB,69.762,2007
SLB,70.063,2008
SLB,70.366,2009
SLB,70.674,2010
SLB,70.985,2011
SLB,71.296,2012
SLB,71.601,2013
SLB,71.896,2014
SLB,72.173,2015
SLB,72.424,2016
SLB,72.645,2017
SLB,72.835,2018
SLB,72.996,2019
SLE,38.634,1999
SLE,39.441,2000
SLE,40.369,2001
SLE,41.376,2002
SLE,42.419,2003
SLE,43.467,2004
SLE,44.502,2005
SLE,45.517,2006
SLE,46.52,2007
SLE,47.508,2008
SLE,48.468,2009
SLE,49.382,2010
SLE,50.234,2011
SLE,51.018,2012
SLE,51.731,2013
SLE,52.372,2014
SLE,52.941,2015
SLE,53.444,2016
SLE,53.895,2017
SLE,54.309,2018
SLE,54.696,2019
SLV,68.581,1999
SLV,68.875,2000
SLV,69.162,2001
SLV,69.432,2002
SLV,69.68,2003
SLV,69.908,2004
SLV,70.124,2005
SLV,70.333,2006
SLV,70.542,2007
SLV,70.756,2008
SLV,70.978,2009
SLV,71.21,2010
SLV,71.449,2011
SLV,71.692,2012
SLV,71.935,2013
SLV,72.175,2014
SLV,72.412,2015
SLV,72.644,2016
SLV,72.872,2017
SLV,73.096,2018
SLV,73.317,2019
SOM,50.392,1999
SOM,50.869,2000
SOM,51.213,2001
SOM,51.492,2002
SOM,51.762,2003
SOM,52.043,2004
SOM,52.346,2005
SOM,52.669,2006
SOM,52.998,2007
SOM,53.326,2008
SOM,53.654,2009
SOM,53.99,2010
SOM,54.342,2011
SOM,54.713,2012
SOM,55.104,2013
SOM,55.509,2014
SOM,55.92,2015
SOM,56.324,2016
SOM,56.709,2017
SOM,57.068,2018
SOM,57.397,2019
SRB,,1999
SRB,71.58292683,2000
SRB,72.23414634,2001
SRB,72.28536585,2002
SRB,72.43658537,2003
SRB,72.68292683,2004
SRB,72.83414634,2005
SRB,73.38536585,2006
SRB,73.63170732,2007
SRB,73.88536585,2008
SRB,73.98536585,2009
SRB,74.33658537,2010
SRB,74.53658537,2011
SRB,74.83658537,2012
SRB,75.18536585,2013
SRB,75.33658537,2014
SRB,75.28780488,2015
SRB,75.68780488,2016
SRB,75.53902439,2017
SRB,75.8902439,2018
SRB,75.68536585,2019
SSD,48.754,1999
SSD,49.166,2000
SSD,49.592,2001
SSD,50.05,2002
SSD,50.55,2003
SSD,51.095,2004
SSD,51.686,2005
SSD,52.315,2006
SSD,52.96,2007
SSD,53.6,2008
SSD,54.219,2009
SSD,54.8,2010
SSD,55.325,2011
SSD,55.791,2012
SSD,56.2,2013
SSD,56.552,2014
SSD,56.855,2015
SSD,57.12,2016
SSD,57.365,2017
SSD,57.604,2018
SSD,57.846,2019
STP,60.742,1999
STP,61.365,2000
STP,62.017,2001
STP,62.687,2002
STP,63.359,2003
STP,64.02,2004
STP,64.659,2005
STP,65.27,2006
STP,65.854,2007
STP,66.412,2008
STP,66.938,2009
STP,67.43,2010
STP,67.885,2011
STP,68.306,2012
STP,68.695,2013
STP,69.052,2014
STP,69.377,2015
STP,69.67,2016
STP,69.933,2017
STP,70.17,2018
STP,70.385,2019
SUR,67.781,1999
SUR,67.822,2000
SUR,67.913,2001
SUR,68.064,2002
SUR,68.28,2003
SUR,68.555,2004
SUR,68.877,2005
SUR,69.227,2006
SUR,69.579,2007
SUR,69.91,2008
SUR,70.209,2009
SUR,70.465,2010
SUR,70.676,2011
SUR,70.851,2012
SUR,71.002,2013
SUR,71.133,2014
SUR,71.249,2015
SUR,71.358,2016
SUR,71.463,2017
SUR,71.57,2018
SUR,71.682,2019
SVK,72.90243902,1999
SVK,73.05121951,2000
SVK,73.40243902,2001
SVK,73.60487805,2002
SVK,73.60487805,2003
SVK,73.95853659,2004
SVK,73.90487805,2005
SVK,74.20487805,2006
SVK,74.20731707,2007
SVK,74.70487805,2008
SVK,74.9097561,2009
SVK,75.11219512,2010
SVK,75.95853659,2011
SVK,76.1097561,2012
SVK,76.41219512,2013
SVK,76.81219512,2014
SVK,76.56341463,2015
SVK,77.16585366,2016
SVK,77.16585366,2017
SVK,77.26585366,2018
SVK,77.47073171,2019
SVN,75.0097561,1999
SVN,75.41219512,2000
SVN,75.75853659,2001
SVN,76.00731707,2002
SVN,76.85853659,2003
SVN,77.20731707,2004
SVN,77.61219512,2005
SVN,78.08658537,2006
SVN,78.56097561,2007
SVN,78.76585366,2008
SVN,78.97073171,2009
SVN,79.42195122,2010
SVN,79.97073171,2011
SVN,80.12439024,2012
SVN,80.32195122,2013
SVN,81.07804878,2014
SVN,80.77560976,2015
SVN,81.17560976,2016
SVN,81.02926829,2017
SVN,81.37804878,2018
SVN,81.2804878,2019
SWE,79.44146341,1999
SWE,79.64390244,2000
SWE,79.79512195,2001
SWE,79.84634146,2002
SWE,80.09512195,2003
SWE,80.49756098,2004
SWE,80.54634146,2005
SWE,80.74878049,2006
SWE,80.9,2007
SWE,81.1,2008
SWE,81.35121951,2009
SWE,81.45121951,2010
SWE,81.80243902,2011
SWE,81.70487805,2012
SWE,81.95609756,2013
SWE,82.25365854,2014
SWE,82.20487805,2015
SWE,82.30731707,2016
SWE,82.4097561,2017
SWE,82.55853659,2018
SWE,82.95853659,2019
SWZ,49.424,1999
SWZ,47.49,2000
SWZ,45.799,2001
SWZ,44.41,2002
SWZ,43.372,2003
SWZ,42.731,2004
SWZ,42.518,2005
SWZ,42.733,2006
SWZ,43.308,2007
SWZ,44.17,2008
SWZ,45.275,2009
SWZ,46.601,2010
SWZ,48.141,2011
SWZ,49.862,2012
SWZ,51.699,2013
SWZ,53.569,2014
SWZ,55.359,2015
SWZ,56.962,2016
SWZ,58.319,2017
SWZ,59.401,2018
SWZ,60.194,2019
SXM,,1999
SXM,,2000
SXM,,2001
SXM,,2002
SXM,,2003
SXM,,2004
SXM,,2005
SXM,,2006
SXM,74.54390244,2007
SXM,74.53658537,2008
SXM,75.58780488,2009
SXM,,2010
SXM,,2011
SXM,73.05365854,2012
SXM,,2013
SXM,77.06829268,2014
SXM,77.2195122,2015
SXM,78.29268293,2016
SXM,,2017
SXM,,2018
SXM,,2019
SYC,72.66829268,1999
SYC,72.77804878,2000
SYC,73.25365854,2001
SYC,71.08780488,2002
SYC,71.02926829,2003
SYC,72.66097561,2004
SYC,72.13170732,2005
SYC,72.21707317,2006
SYC,73.14390244,2007
SYC,73.16341463,2008
SYC,73.08292683,2009
SYC,73.19756098,2010
SYC,72.72439024,2011
SYC,74.27560976,2012
SYC,73.1195122,2013
SYC,73.22926829,2014
SYC,74.29512195,2015
SYC,74.3097561,2016
SYC,74.3,2017
SYC,72.84146341,2018
SYC,73.94390244,2019
SYR,72.882,1999
SYR,73.11,2000
SYR,73.371,2001
SYR,73.663,2002
SYR,73.967,2003
SYR,74.25,2004
SYR,74.43,2005
SYR,74.412,2006
SYR,74.152,2007
SYR,73.647,2008
SYR,72.938,2009
SYR,72.108,2010
SYR,71.27,2011
SYR,70.55,2012
SYR,70.049,2013
SYR,69.821,2014
SYR,69.908,2015
SYR,70.315,2016
SYR,70.967,2017
SYR,71.779,2018
SYR,72.697,2019
TCD,47.657,1999
TCD,47.713,2000
TCD,47.789,2001
TCD,47.9,2002
TCD,48.057,2003
TCD,48.27,2004
TCD,48.549,2005
TCD,48.907,2006
TCD,49.335,2007
TCD,49.82,2008
TCD,50.346,2009
TCD,50.89,2010
TCD,51.424,2011
TCD,51.928,2012
TCD,52.386,2013
TCD,52.789,2014
TCD,53.137,2015
TCD,53.438,2016
TCD,53.712,2017
TCD,53.977,2018
TCD,54.239,2019
TGO,53.547,1999
TGO,53.491,2000
TGO,53.554,2001
TGO,53.71,2002
TGO,53.938,2003
TGO,54.234,2004
TGO,54.602,2005
TGO,55.052,2006
TGO,55.581,2007
TGO,56.178,2008
TGO,56.818,2009
TGO,57.468,2010
TGO,58.092,2011
TGO,58.661,2012
TGO,59.16,2013
TGO,59.58,2014
TGO,59.927,2015
TGO,60.22,2016
TGO,60.489,2017
TGO,60.76,2018
TGO,61.042,2019
THA,70.463,1999
THA,70.623,2000
THA,70.832,2001
THA,71.089,2002
THA,71.389,2003
THA,71.728,2004
THA,72.099,2005
THA,72.499,2006
THA,72.916,2007
THA,73.341,2008
THA,73.766,2009
THA,74.184,2010
THA,74.593,2011
THA,74.992,2012
THA,75.378,2013
THA,75.747,2014
THA,76.091,2015
THA,76.403,2016
THA,76.683,2017
THA,76.931,2018
THA,77.15,2019
TJK,61.161,1999
TJK,61.974,2000
TJK,62.807,2001
TJK,63.653,2002
TJK,64.496,2003
TJK,65.314,2004
TJK,66.08,2005
TJK,66.771,2006
TJK,67.382,2007
TJK,67.911,2008
TJK,68.36,2009
TJK,68.736,2010
TJK,69.055,2011
TJK,69.34,2012
TJK,69.609,2013
TJK,69.874,2014
TJK,70.137,2015
TJK,70.397,2016
TJK,70.647,2017
TJK,70.879,2018
TJK,71.097,2019
TKM,63.413,1999
TKM,63.613,2000
TKM,63.842,2001
TKM,64.101,2002
TKM,64.386,2003
TKM,64.693,2004
TKM,65.017,2005
TKM,65.354,2006
TKM,65.695,2007
TKM,66.031,2008
TKM,66.355,2009
TKM,66.657,2010
TKM,66.928,2011
TKM,67.167,2012
TKM,67.375,2013
TKM,67.552,2014
TKM,67.704,2015
TKM,67.835,2016
TKM,67.956,2017
TKM,68.073,2018
TKM,68.191,2019
TLS,58.037,1999
TLS,59.002,2000
TLS,59.945,2001
TLS,60.901,2002
TLS,61.888,2003
TLS,62.893,2004
TLS,63.882,2005
TLS,64.803,2006
TLS,65.61,2007
TLS,66.276,2008
TLS,66.796,2009
TLS,67.186,2010
TLS,67.477,2011
TLS,67.72,2012
TLS,67.953,2013
TLS,68.197,2014
TLS,68.459,2015
TLS,68.735,2016
TLS,69.007,2017
TLS,69.26,2018
TLS,69.495,2019
TON,69.601,1999
TON,69.667,2000
TON,69.725,2001
TON,69.771,2002
TON,69.803,2003
TON,69.822,2004
TON,69.836,2005
TON,69.852,2006
TON,69.878,2007
TON,69.921,2008
TON,69.982,2009
TON,70.059,2010
TON,70.148,2011
TON,70.242,2012
TON,70.335,2013
TON,70.427,2014
TON,70.517,2015
TON,70.607,2016
TON,70.701,2017
TON,70.801,2018
TON,70.907,2019
TTO,69.199,1999
TTO,69.413,2000
TTO,69.65,2001
TTO,69.903,2002
TTO,70.164,2003
TTO,70.428,2004
TTO,70.691,2005
TTO,70.952,2006
TTO,71.21,2007
TTO,71.464,2008
TTO,71.71,2009
TTO,71.946,2010
TTO,72.17,2011
TTO,72.382,2012
TTO,72.582,2013
TTO,72.768,2014
TTO,72.941,2015
TTO,73.1,2016
TTO,73.245,2017
TTO,73.38,2018
TTO,73.507,2019
TUN,72.904,1999
TUN,73.172,2000
TUN,73.415,2001
TUN,73.638,2002
TUN,73.842,2003
TUN,74.034,2004
TUN,74.217,2005
TUN,74.391,2006
TUN,74.558,2007
TUN,74.72,2008
TUN,74.88,2009
TUN,75.041,2010
TUN,75.206,2011
TUN,75.376,2012
TUN,75.552,2013
TUN,75.734,2014
TUN,75.922,2015
TUN,76.115,2016
TUN,76.31,2017
TUN,76.505,2018
TUN,76.699,2019
TUR,69.417,1999
TUR,70.005,2000
TUR,70.56,2001
TUR,71.078,2002
TUR,71.559,2003
TUR,72.004,2004
TUR,72.424,2005
TUR,72.83,2006
TUR,73.235,2007
TUR,73.649,2008
TUR,74.074,2009
TUR,74.507,2010
TUR,74.944,2011
TUR,75.373,2012
TUR,75.784,2013
TUR,76.172,2014
TUR,76.532,2015
TUR,76.86,2016
TUR,77.161,2017
TUR,77.437,2018
TUR,77.691,2019
TZA,50.248,1999
TZA,50.801,2000
TZA,51.444,2001
TZA,52.142,2002
TZA,52.866,2003
TZA,53.602,2004
TZA,54.349,2005
TZA,55.119,2006
TZA,55.926,2007
TZA,56.777,2008
TZA,57.666,2009
TZA,58.584,2010
TZA,59.525,2011
TZA,60.47,2012
TZA,61.398,2013
TZA,62.288,2014
TZA,63.111,2015
TZA,63.844,2016
TZA,64.479,2017
TZA,65.015,2018
TZA,65.456,2019
UGA,45.373,1999
UGA,46.229,2000
UGA,47.22,2001
UGA,48.299,2002
UGA,49.421,2003
UGA,50.554,2004
UGA,51.676,2005
UGA,52.784,2006
UGA,53.887,2007
UGA,54.984,2008
UGA,56.06,2009
UGA,57.099,2010
UGA,58.087,2011
UGA,59.017,2012
UGA,59.881,2013
UGA,60.669,2014
UGA,61.373,2015
UGA,61.986,2016
UGA,62.516,2017
UGA,62.973,2018
UGA,63.368,2019
UKR,67.98097561,1999
UKR,67.67560976,2000
UKR,67.83707317,2001
UKR,68.27560976,2002
UKR,68.21073171,2003
UKR,68.18536585,2004
UKR,67.95682927,2005
UKR,68.07756098,2006
UKR,68.22219512,2007
UKR,68.25146341,2008
UKR,69.19,2009
UKR,70.26536585,2010
UKR,70.80926829,2011
UKR,70.94414634,2012
UKR,71.1595122,2013
UKR,71.18658537,2014
UKR,71.1895122,2015
UKR,71.47634146,2016
UKR,71.78097561,2017
UKR,71.58268293,2018
UKR,71.82731707,2019
URY,74.523,1999
URY,74.731,2000
URY,74.939,2001
URY,75.152,2002
URY,75.373,2003
URY,75.599,2004
URY,75.826,2005
URY,76.046,2006
URY,76.251,2007
URY,76.437,2008
URY,76.603,2009
URY,76.75,2010
URY,76.882,2011
URY,77.004,2012
URY,77.124,2013
URY,77.244,2014
URY,77.369,2015
URY,77.498,2016
URY,77.632,2017
URY,77.77,2018
URY,77.911,2019
USA,76.58292683,1999
USA,76.63658537,2000
USA,76.83658537,2001
USA,76.93658537,2002
USA,77.03658537,2003
USA,77.48780488,2004
USA,77.48780488,2005
USA,77.68780488,2006
USA,77.98780488,2007
USA,78.03902439,2008
USA,78.3902439,2009
USA,78.54146341,2010
USA,78.64146341,2011
USA,78.74146341,2012
USA,78.74146341,2013
USA,78.84146341,2014
USA,78.6902439,2015
USA,78.53902439,2016
USA,78.53902439,2017
USA,78.63902439,2018
USA,78.78780488,2019
UZB,66.959,1999
UZB,67.156,2000
UZB,67.374,2001
UZB,67.613,2002
UZB,67.868,2003
UZB,68.135,2004
UZB,68.407,2005
UZB,68.676,2006
UZB,68.939,2007
UZB,69.193,2008
UZB,69.435,2009
UZB,69.672,2010
UZB,69.91,2011
UZB,70.155,2012
UZB,70.41,2013
UZB,70.671,2014
UZB,70.928,2015
UZB,71.171,2016
UZB,71.388,2017
UZB,71.573,2018
UZB,71.725,2019
VCT,70.762,1999
VCT,70.809,2000
VCT,70.882,2001
VCT,70.977,2002
VCT,71.087,2003
VCT,71.208,2004
VCT,71.331,2005
VCT,71.449,2006
VCT,71.554,2007
VCT,71.643,2008
VCT,71.716,2009
VCT,71.776,2010
VCT,71.827,2011
VCT,71.879,2012
VCT,71.939,2013
VCT,72.01,2014
VCT,72.095,2015
VCT,72.193,2016
VCT,72.3,2017
VCT,72.415,2018
VCT,72.534,2019
VEN,71.93,1999
VEN,72.112,2000
VEN,72.294,2001
VEN,72.466,2002
VEN,72.618,2003
VEN,72.746,2004
VEN,72.852,2005
VEN,72.938,2006
VEN,73.01,2007
VEN,73.071,2008
VEN,73.116,2009
VEN,73.134,2010
VEN,73.11,2011
VEN,73.037,2012
VEN,72.918,2013
VEN,72.762,2014
VEN,72.584,2015
VEN,72.405,2016
VEN,72.246,2017
VEN,72.128,2018
VEN,72.064,2019
VNM,72.824,1999
VNM,73.025,2000
VNM,73.228,2001
VNM,73.438,2002
VNM,73.654,2003
VNM,73.875,2004
VNM,74.092,2005
VNM,74.295,2006
VNM,74.474,2007
VNM,74.625,2008
VNM,74.745,2009
VNM,74.837,2010
VNM,74.904,2011
VNM,74.958,2012
VNM,75.006,2013
VNM,75.056,2014
VNM,75.11,2015
VNM,75.172,2016
VNM,75.241,2017
VNM,75.317,2018
VNM,75.4,2019
VUT,67.134,1999
VUT,67.363,2000
VUT,67.583,2001
VUT,67.793,2002
VUT,67.99,2003
VUT,68.176,2004
VUT,68.35,2005
VUT,68.515,2006
VUT,68.672,2007
VUT,68.824,2008
VUT,68.974,2009
VUT,69.123,2010
VUT,69.272,2011
VUT,69.421,2012
VUT,69.57,2013
VUT,69.719,2014
VUT,69.869,2015
VUT,70.021,2016
VUT,70.172,2017
VUT,70.323,2018
VUT,70.474,2019
WSM,68.399,1999
WSM,68.748,2000
WSM,69.103,2001
WSM,69.451,2002
WSM,69.781,2003
WSM,70.089,2004
WSM,70.374,2005
WSM,70.642,2006
WSM,70.901,2007
WSM,71.158,2008
WSM,71.412,2009
WSM,71.663,2010
WSM,71.906,2011
WSM,72.136,2012
WSM,72.351,2013
WSM,72.549,2014
WSM,72.73,2015
WSM,72.895,2016
WSM,73.046,2017
WSM,73.187,2018
WSM,73.321,2019
XKX,67.64390244,1999
XKX,67.74390244,2000
XKX,67.84390244,2001
XKX,67.94390244,2002
XKX,68.24390244,2003
XKX,68.54390244,2004
XKX,68.79268293,2005
XKX,69.04390244,2006
XKX,69.34390244,2007
XKX,69.64390244,2008
XKX,69.94390244,2009
XKX,70.14390244,2010
XKX,70.44390244,2011
XKX,70.74390244,2012
XKX,70.94390244,2013
XKX,71.24390244,2014
XKX,71.49512195,2015
XKX,71.74390244,2016
XKX,71.99512195,2017
XKX,72.24390244,2018
XKX,72.49512195,2019
YEM,60.204,1999
YEM,60.683,2000
YEM,61.216,2001
YEM,61.781,2002
YEM,62.358,2003
YEM,62.931,2004
YEM,63.481,2005
YEM,63.997,2006
YEM,64.47,2007
YEM,64.892,2008
YEM,65.255,2009
YEM,65.549,2010
YEM,65.768,2011
YEM,65.92,2012
YEM,66.016,2013
YEM,66.066,2014
YEM,66.085,2015
YEM,66.087,2016
YEM,66.086,2017
YEM,66.096,2018
YEM,66.125,2019
ZAF,57.144,1999
ZAF,56.048,2000
ZAF,55.089,2001
ZAF,54.31,2002
ZAF,53.749,2003
ZAF,53.444,2004
ZAF,53.447,2005
ZAF,53.795,2006
ZAF,54.452,2007
ZAF,55.36,2008
ZAF,56.46,2009
ZAF,57.669,2010
ZAF,58.895,2011
ZAF,60.06,2012
ZAF,61.099,2013
ZAF,61.968,2014
ZAF,62.649,2015
ZAF,63.153,2016
ZAF,63.538,2017
ZAF,63.857,2018
ZAF,64.131,2019
ZMB,43.594,1999
ZMB,44,2000
ZMB,44.615,2001
ZMB,45.4,2002
ZMB,46.322,2003
ZMB,47.354,2004
ZMB,48.496,2005
ZMB,49.757,2006
ZMB,51.134,2007
ZMB,52.606,2008
ZMB,54.13,2009
ZMB,55.655,2010
ZMB,57.126,2011
ZMB,58.502,2012
ZMB,59.746,2013
ZMB,60.831,2014
ZMB,61.737,2015
ZMB,62.464,2016
ZMB,63.043,2017
ZMB,63.51,2018
ZMB,63.886,2019
ZWE,45.461,1999
ZWE,44.649,2000
ZWE,44.01,2001
ZWE,43.523,2002
ZWE,43.195,2003
ZWE,43.065,2004
ZWE,43.241,2005
ZWE,43.853,2006
ZWE,44.947,2007
ZWE,46.504,2008
ZWE,48.449,2009
ZWE,50.64,2010
ZWE,52.896,2011
ZWE,55.032,2012
ZWE,56.897,2013
ZWE,58.41,2014
ZWE,59.534,2015
ZWE,60.294,2016
ZWE,60.812,2017
ZWE,61.195,2018
ZWE,61.49,2019