country,1999,2000,2001,2002,2003,2004,2005,2006,2007,2008,2009,2010,2011,2012,2013,2014,2015,2016,2017,2018,2019
AFG,34134346,34508766,34658096,35823145,37265282,37975460,38605659,39490611,39822841,40214425,41089617,41842555,42603892,43394807,44215454,45074274,45980138,46932605,47929895,48971205,50057739
AGO,15197666,15657215,16131419,16685168,17346091,18075828,18789081,19490185,20225887,20995867,21803771,22640745,23498752,24406974,25352999,26313499,27292149,28289713,29310273,30355880,31427266
ALB,3187329,3158352,3128002,3098028,3069665,3045640,3024533,3005779,2991575,2984121,2982540,2986952,2994667,3002859,3011405,3020209,3029278,3038594,3047987,3057220,3066126
ARE,3051363,3230742,3402348,3555027,3693043,3819555,3935820,4458540,5532409,7159278,8244563,8379870,8541439,8746089,8993087,9181025,9297706,9430604,9566312,9701315,9843829
ARG,36923439,37335675,37739190,38131971,38529402,38945354,39367281,39761782,40134011,40531409,40943942,41358092,41791721,42216144,42635450,43057443,43474726,43886748,44293293,44694198,45089492
ARM,3104064,3100042,3099474,3096321,3088904,3086691,3084080,3081101,3078606,3076465,3074268,3071972,3069558,3067015,3064111,3060631,3056382,3051250,3045191,3038217,3030288
ATG,74016,75351,76734,77935,79066,80193,81277,82343,83425,84522,85632,86754,87884,89018,90156,91295,92436,93581,94731,95882,97031
AUS,18612786,18835721,19076792,19317472,19549074,19777609,20014830,20277945,20610386,21040263,21475385,21839564,22183002,22563167,22946423,23292145,23618257,23980154,24370196,24747894,25113443
AUT,8094155,8113392,8141540,8178095,8215680,8263235,8314652,8352180,8379589,8406796,8428464,8447901,8475092,8513010,8562634,8615828,8665550,8711770,8754413,8793370,8828456
AZE,8388447,8463076,8532310,8597653,8662912,8737809,8825439,8919169,9015038,9111089,9206777,9301673,9397279,9493600,9590159,9686210,9780780,9872765,9961396,10046516,10128025
BDI,6127566,6281800,6465814,6669597,6896743,7166546,7439194,7708500,7990874,8317629,8740523,9139676,9439832,9748157,10068823,10379579,10576607,10721498,10954718,11228705,11532165
BEL,10235655,10263618,10292429,10326359,10368851,10413348,10469152,10535515,10610155,10692801,10777618,10865722,10962548,11058133,11148086,11236729,11323973,11409077,11491346,11570762,11647253
BEN,6460886,6677134,6901575,7130417,7359670,7589367,7838059,8088622,8335294,8602647,8884101,9178580,9485969,9805000,10134821,10479670,10841707,11220072,11612983,12017978,12435073
BFA,11099130,11430022,11853834,12406620,12857170,13206560,13569965,13947108,14340736,14753815,15185326,15633854,16098955,16599121,17109478,17613855,18133363,18662035,19199732,19742715,20288052
BGD,126541747,128734672,130845545,132901054,134884606,136788684,138605601,140353878,141950868,143398838,144954330,146615872,148248955,149867054,151466689,153044873,154596024,156186882,157826578,159453001,161062905
BGR,7968514,7908664,7846982,7784233,7722734,7665631,7611110,7558417,7509498,7465355,7427946,7391079,7350504,7308613,7267961,7228183,7186893,7144653,7101510,7057504,7012640
BHR,639964,654861,672086,714831,781004,848123,915966,984393,1053582,1107292,1144365,1180080,1214705,1248348,1281332,1314089,1346613,1378904,1410942,1442659,1474016
BHS,279305,282591,285685,288579,291347,294064,296708,299288,301972,304727,307552,310426,313312,316182,319031,321834,324597,327316,329988,332634,335210
BIH,3717232,3805512,3822357,3826637,3842733,3876893,3893097,3894410,3891845,3888949,3886938,3884899,3882359,3879296,3875723,3871643,3867055,3861912,3856181,3849891,3843037
BLR,10063643,10033392,9999484,9954884,9904905,9855646,9806452,9763712,9733327,9712053,9696333,9680068,9661508,9643566,9625888,9608058,9589689,9570376,9549747,9527543,9503591
BLZ,247811,252375,258448,265576,273113,280671,288277,295943,303639,311367,319143,326920,334628,342244,349766,357199,364521,371729,378844,385854,392771
BOL,8025555,8195101,8367448,8542488,8719064,8895965,9072944,9249710,9425936,9601257,9775246,9947418,10118683,10290003,10461053,10631486,10800882,10969649,11138234,11306341,11473676
BRA,171814744,174315386,176789957,179204829,181553173,183827544,186020004,188131059,190167417,192130270,194019058,195834188,197595498,199321413,201009622,202656788,204259812,205823665,207353391,208846892,210301591
BRB,272504,273680,274906,276218,277547,278818,280037,281207,282359,283498,284589,285653,286705,287733,288725,289680,290604,291495,292336,293131,293874
BRN,317901,325297,332654,339989,347260,354305,361110,367819,374577,381371,388190,395027,401890,408786,415717,422675,429646,436620,443593,450565,457533
BTN,595628,605872,615980,625943,635757,645415,654897,664205,673353,682321,691141,699847,708427,716896,725296,733643,741919,750125,758288,766397,774410
BWA,1620722,1654761,1687937,1719736,1750323,1781586,1813417,1845723,1878406,1911356,1944488,1977723,2011047,2044548,2078313,2112305,2146408,2180597,2214858,2249104,2283255
CAF,3889215,3979862,4053927,4128418,4214915,4288752,4363038,4448948,4543731,4641320,4741916,4844927,4950027,5057208,5166510,5277959,5391539,5507257,5625118,5745062,5867019
CAN,30820257,31099561,31376736,31640962,31889309,32134763,32390572,32674081,33005953,33393045,33802575,34207013,34604834,35009361,35421674,35783763,36104675,36439676,36767432,37081268,37390640
CHE,7242498,7277250,7312215,7348652,7384538,7417342,7448224,7478651,7529531,7610995,7693227,7769856,7850100,7925517,7996026,8061516,8121830,8179294,8236303,8292809,8348737
CHL,14990469,15174571,15347732,15514805,15675163,15828678,15979150,16130386,16283043,16441033,16601954,16759904,16915020,17067369,17216945,17363894,17508260,17650114,17789267,17925262,18057855
CHN,1260658633,1268301605,1275373334,1282138369,1288741095,1295385090,1302284553,1309395209,1316489520,1323480266,1330233426,1336680939,1342946472,1349160868,1355286257,1361344333,1367485388,1373541278,1379302771,1384688986,1389618778
CIV,16261976,16686450,17121694,17528762,17963355,18473868,18983045,19500993,20056679,20629057,21186017,21719488,22193545,22703074,23286988,23869982,24455278,25054140,25659816,26260582,26867857
CMR,15408865,15836894,16274830,16734265,17205548,17678885,18161486,18655916,19185489,19747393,20320624,20900464,21482358,22074199,22690515,23399434,24156228,24874757,25556287,26246551,26984226
COD,51317154,52921779,54597381,56319530,58013244,59756664,61637003,63647861,65763574,67979602,70299929,72742117,75337546,77998589,80747826,83590785,86460580,89433631,92459200,95491386,98590078
COG,2828666,2939099,3050784,3117384,3208947,3332121,3472384,3628152,3782813,3910032,4063165,4237641,4379194,4489969,4574099,4662446,4755097,4852412,4954674,5062021,5174669
COL,38563857,38910346,39312450,39804949,40351016,40922152,41487778,42046246,42597321,43141109,43677372,44205293,44725543,45239079,45745783,46245297,46736728,47220856,47698524,48168996,48631464
CPV,421678,430132,438454,446704,454825,462795,470597,478309,485994,493619,501182,508659,516100,523568,531046,538535,545993,553432,560899,568373,575839
CRI,3800169,3882581,3956208,4020945,4083816,4146696,4208691,4269766,4331130,4393241,4455046,4516220,4576562,4636348,4695942,4755234,4814144,4872543,4930258,4987142,5043084
CUB,11107797,11146699,11178711,11210056,11240950,11260196,11267709,11266419,11261457,11258324,11260468,11261880,11263757,11261601,11250491,11237982,11214038,11179995,11147407,11116396,11086996
CYP,906875,919680,932632,946814,964652,987191,1010740,1031030,1048906,1066817,1084748,1102677,1120489,1138071,1155403,1172458,1189197,1205575,1221549,1237088,1252147
CZE,10280436,10268899,10250327,10235948,10238458,10247111,10266923,10300228,10365253,10455429,10518271,10550885,10573220,10591707,10609762,10627448,10644842,10660932,10674723,10686269,10695547
DEU,82074778,82183670,82320660,82458415,82504552,82487209,82439417,82346364,82236860,82065368,81837700,81644454,81471834,81305856,81147265,80996685,80854408,80722792,80594017,80457737,80313272
DJI,646263,669416,692990,716351,690777,657413,666400,679141,694379,709196,724622,740528,757074,774389,792198,810179,828324,846687,865267,884017,902892
DMA,70348,70818,71208,71534,71734,71933,72125,72247,72377,72514,72660,72813,72969,73126,73286,73449,73607,73757,73897,74027,74144
DNK,5320134,5337416,5356271,5373211,5387248,5400727,5415505,5433195,5458200,5491488,5521707,5546980,5570463,5592472,5617172,5647207,5688232,5733361,5773437,5809502,5841522
DOM,8107308,8231374,8356559,8481703,8605541,8728058,8849190,8968900,9087174,9203959,9319152,9432610,9546684,9661028,9772813,9881902,9988109,10092516,10196160,10298756,10400027
DZA,30204849,30638018,31077277,31523711,31975415,32450849,32917567,33420968,34002400,34619419,35268128,35949869,36654293,37367226,38087812,38813722,39542166,40263711,40969443,41657488,42325923
ECU,12268309,12445838,12629117,12827279,13074181,13368398,13662318,13917057,14134956,14354469,14573101,14790608,15007343,15223680,15439429,15654411,15868396,16080778,16290913,16498502,16703254
EGY,64187293,65504309,66852387,68265356,69734297,71210963,72688283,74207202,75814404,77516306,79317792,81238995,83298127,85458032,87679255,89959189,92296970,94666993,97041072,99413317,101776661
ERI,3805989,3884349,3993336,4147327,4342028,4550848,4708626,4844793,4967933,5105526,5243580,5364704,5481467,5582115,5681550,5766838,5823083,5869869,5918919,5970646,6024854
ESP,40251435,40589004,41046894,41639614,42321028,43000157,43704367,44431750,45211636,45910365,46295240,46505963,46754784,47042984,47370542,47737941,48146134,48563476,48958159,49331076,49683254
EST,1389756,1379671,1369399,1359260,1349483,1340354,1331702,1322944,1316118,1311467,1307409,1302817,1297236,1288868,1279745,1272468,1265420,1258545,1251581,1244288,1236641
ETH,61311715,62891069,64507455,66205065,67980692,69811259,71680064,73608652,75618830,77695164,79839434,82065947,84413527,86859145,89333993,91942495,94621159,97267610,99964615,102677069,105379450
FIN,5158097,5168595,5180309,5192708,5205082,5220193,5238011,5257972,5280151,5304716,5330210,5354669,5379680,5405388,5430353,5454355,5476922,5498211,5518371,5537364,5555154
FJI,799078,804933,810728,816669,823178,829822,836558,843945,852114,860535,868498,875983,883125,890057,896758,903207,909389,915303,920938,926276,931295
FRA,60935252,61255363,61605930,61963618,62311901,62678427,63059742,63456871,63852860,64220250,64579931,64940833,65296094,65630692,65951611,66259012,66553766,66836154,67106161,67364357,67611479
GAB,1162625,1198880,1228189,1254963,1283232,1319661,1362645,1407901,1458606,1512482,1568721,1627674,1684614,1743397,1809004,1874487,1937962,2000048,2060381,2119036,2175885
GBR,58909682,59139969,59374727,59601520,59823619,60126953,60487347,60846809,61249260,61642600,61996848,62348447,62698362,63047162,63395574,63742977,64088222,64430428,64769452,65105246,65436510
GEO,4852143,4818805,4793253,4774895,4750669,4742862,4790009,4830793,4824432,4823790,4855888,4902939,4938341,4950270,4942157,4935880,4931226,4928052,4926330,4926087,4927349
GHA,18611539,18981004,19366666,19778785,20211370,20650251,21106982,21583020,22068569,22554470,23051965,23571204,24107863,24652402,25199609,25758108,26327649,26908262,27499924,28102471,28715894
GIN,7610461,7780073,7821148,7905703,8120753,8316554,8477819,8649520,8860380,9090759,9327011,9570543,9824572,10083976,10351174,10631955,10924395,11224776,11534306,11855411,12186420
GMB,1319628,1356581,1393296,1430711,1468917,1508001,1547905,1588501,1629648,1671296,1713278,1755456,1797860,1840454,1883051,1925527,1967709,2009648,2051363,2092731,2133640
GNB,1182537,1207665,1233497,1260374,1288445,1317452,1347728,1379383,1412264,1446297,1481090,1516078,1551450,1587244,1624345,1663186,1703302,1745203,1788610,1833247,1879407
GNQ,477538,491483,505919,520764,535927,551415,567232,583355,599763,616459,633441,650702,668225,685991,704001,722254,740743,759451,778358,797457,816736
GRC,10872691,10925795,10993255,11019745,11009594,10999476,10990646,10985750,10982200,10996346,11025521,11039844,11017574,10948200,10872247,10801129,10728157,10703982,10698163,10669474,10639551
GRD,100985,101609,102294,102835,103320,103969,104592,105202,105887,106555,107199,107818,108419,109011,109590,110152,110694,111219,111724,112207,112665
GTM,11051891,11283176,11512450,11790829,12077417,12382276,12696384,13002047,13300787,13601259,13902647,14208614,14516352,14822007,15125751,15426429,15723664,16012280,16296181,16581273,16867133
GUY,779498,784872,785421,781694,778579,778038,774833,768339,761716,755767,750463,745835,741975,738950,736805,735554,735222,735909,737718,740685,744845
HKG,6596171,6655870,6714968,6760298,6796891,6847993,6904226,6955186,7003726,7036409,7038760,7029211,7030206,7050155,7082316,7112688,7141106,7167403,7191503,7213338,7232810
HND,6198223,6367242,6535344,6698324,6862657,7028058,7194127,7359013,7521702,7682066,7838603,7991283,8140864,8287669,8429445,8546438,8660816,8770113,8877729,9001592,9119204
HRV,4387816,4390263,4418543,4442298,4440867,4441435,4441957,4440594,4437353,4434262,4428935,4417475,4403676,4389754,4375160,4356748,4335250,4313707,4292095,4270480,4248989
HTI,8121292,8279356,8429925,8580463,8738605,8900109,9060501,9216487,9363931,9507769,9651771,9553473,9669723,9793363,9922183,10047305,10254052,10485800,10646714,10788440,10928926
HUN,10171610,10147425,10129929,10112777,10091987,10072608,10057624,10046269,10034228,10020481,10007168,9992339,9976062,9958453,9939470,9919128,9897541,9874784,9850845,9825704,9799351
IDN,210746403,214090575,217197016,220276027,223347627,226403092,229244745,232199251,235098987,237938809,240714694,243422739,246065161,248645008,251160124,253609643,255993674,258316051,260580739,262787403,264935824
IND,989250189,1006300297,1023295084,1040284824,1057251124,1074159021,1090973030,1107624346,1124134801,1140566211,1156897766,1173108018,1189172906,1205073612,1220800359,1236344631,1251695584,1266883598,1281935911,1296834042,1311559204
IRL,3774856,3822196,3872700,3933126,4002170,4091162,4199185,4309024,4419984,4517706,4579996,4622917,4670976,4722028,4775982,4832765,4892305,4952473,5011102,5068050,5123219
IRN,65763053,66482211,67250500,67780932,68916744,69600640,70459627,71306699,72203143,73119823,74081610,75034532,75847232,76680536,77665975,78783743,79927977,80987449,82021564,83024745,83993282
IRQ,22171592,22847371,23542818,24319418,25090242,25841445,26651220,26828612,26551660,27095777,28157014,29095205,30119040,31474213,32940723,34024875,34848254,35616832,36384298,37205005,38040428
ISL,277278,281038,284805,287448,289516,292078,296699,303734,311492,317363,318453,317924,318852,320533,323746,327872,331918,335878,339747,343518,347183
ISR,5942902,6097408,6234319,6352659,6475178,6600852,6725548,6850164,6975352,7101746,7232112,7368099,7507033,7647578,7787179,7921139,8049314,8174527,8299706,8424904,8550149
ITA,57655529,57784373,57931053,58076703,58336021,58716002,59037808,59272880,59626720,60091306,60461585,60748965,61016804,61261254,61482297,61680122,61855120,62007540,62137802,62246674,62334799
JAM,2781557,2810680,2835874,2849475,2851638,2852841,2853053,2852242,2850381,2847477,2843554,2838638,2832886,2827222,2822460,2818663,2815891,2814331,2813340,2812090,2810520
JOR,4674039,4785043,4897811,5012128,5127792,5253826,5390895,5868448,6355001,6512446,6655519,6800252,6962866,7077408,7845504,8998611,9677747,10041098,10248069,10458413,10669786
JPN,126512858,126775612,127108598,127371380,127552251,127693749,127715356,127727574,127779038,127787736,127704286,127579145,127469543,127368088,127253075,127103388,126919659,126702133,126451398,126168156,125853035
KAZ,15709484,15687251,15736939,15802133,15882506,15988619,16122665,16283721,16459828,16649642,16863280,17084817,17304513,17522010,17736896,17948816,18157122,18360353,18556698,18744548,18923073
KEN,30091755,30922122,31813411,32756495,33734178,34764895,35842358,36969938,38122070,39311409,40535969,41764740,43059798,44329808,45496943,46663665,47836120,48945805,50048729,51201586,52362765
KGZ,4883113,4937128,4976833,5013962,5059349,5113537,5164248,5212766,5255561,5298689,5358180,5410468,5450776,5496737,5548042,5604212,5664939,5727553,5789122,5849296,5907966
KHM,12154664,12351152,12539614,12729204,12920705,13109935,13297399,13498711,13718693,13957013,14206230,14453680,14701717,14952665,15205539,15458332,15708756,15957223,16204486,16449519,16690861
KNA,45131,45658,46188,46685,47139,47529,47904,48280,48657,49064,49480,49898,50314,50726,51134,51538,51936,52329,52715,53094,53463
KOR,46485422,46840607,47180521,47437578,47656117,47849421,47988429,48163516,48453272,48753802,49000481,49258140,49559043,49823397,50063069,50345320,50645073,50924172,51181299,51418097,51635813
KWT,1916332,1972259,2027734,2083305,2139818,2197285,2256657,2316880,2375798,2433192,2489004,2543172,2595628,2646314,2695316,2742711,2788534,2832776,2875422,2916467,2955897
LAO,5285813,5397406,5498518,5578027,5654002,5746043,5836357,5930788,6035414,6145183,6256865,6368162,6477211,6586266,6695166,6803699,6911544,7019073,7126706,7234171,7341182
LBN,3791412,3834478,3894693,3955261,4016050,4077336,4138961,4223074,4334429,4424106,4475008,4492280,4511987,4612387,5149085,5882562,6184701,6237738,6229794,6100075,5847294
LBR,2740658,2846680,2917070,2978030,2983448,3005087,3138399,3310671,3469165,3602820,3708025,3817364,3984084,4140690,4243924,4348279,4459961,4575528,4689021,4809768,4937804
LBY,4943111,5064358,5184567,5303093,5420940,5539363,5658181,5777140,5907828,6053544,6207609,6367346,6082221,5790189,5950347,6100968,6227697,6351133,6483018,6621594,6757876
LCA,152114,153302,154400,155297,156008,156657,157371,158128,158875,159585,160267,160922,161557,162178,162781,163362,163922,164464,164994,165510,166008
LKA,18792874,19041167,19263057,19478732,19708717,19933590,20102989,20311049,20507595,20697509,20879197,21083826,21283913,21481334,21675648,21866445,22053488,22235000,22409381,22576592,22736505
LSO,1907672,1916324,1922344,1925636,1926345,1924895,1922116,1919198,1916857,1915469,1916134,1919552,1924886,1930493,1936181,1942008,1947701,1953070,1958042,1962461,1966253
LTU,3493176,3489408,3475394,3453904,3424737,3384474,3326634,3271019,3230567,3195991,3158759,3088774,3015012,2973160,2943364,2914462,2884433,2854235,2823859,2793284,2762485
LUX,432439,438499,443831,448481,453937,460400,467463,474942,482297,490953,500087,509257,520556,533061,545474,557989,570252,582291,594130,605764,617185
LVA,2385906,2368427,2350481,2330425,2308159,2283318,2258990,2238543,2220509,2197506,2161153,2115339,2076493,2051103,2029430,2007730,1986705,1965686,1944643,1923559,1902424
MAC,427773,431739,434778,438977,444177,455227,474027,499427,525531,545674,559846,567957,573003,578025,583003,587914,592731,597425,601969,606340,610510
MAR,27843592,28170655,28501470,28835545,29173064,29513886,29882587,30277673,30672215,31065826,31459118,31852206,32243898,32633126,33018965,33400599,33777405,34148763,34513849,34871495,35220854
MDA,4224863,4180215,4135094,4088890,4040951,3994611,3948261,3901080,3855442,3811763,3770698,3731799,3694121,3656843,3619925,3583288,3546847,3510485,3474121,3437720,3401197
MDG,15263710,15712415,16168611,16638898,17123055,17621089,18131781,18653420,19185672,19728709,20282443,20846615,21420952,22005222,22599098,23201926,23812681,24430325,25054161,25683610,26317853
MDV,291480,299981,305913,311855,318490,326599,336248,348119,364968,385925,396334,395650,394999,394451,393988,393595,393253,392960,392709,392473,392217
MEX,98468947,99775434,101125485,102470489,103843015,105230503,106576363,107916378,109338805,110845404,112426381,114061440,115701117,117299155,118818228,120286655,121736809,123166749,124574795,125959205,127318112
MKD,2005700,2017370,2029420,2038574,2045571,2051932,2057226,2061665,2065917,2069952,2074492,2079955,2084928,2089228,2094132,2099581,2105107,2110205,2114760,2118945,2122693
MLI,10572728,10843590,11132068,11437860,11761326,12102276,12459990,12834556,13225656,13636273,14067464,14514077,14993806,15408711,15814633,16319381,16834405,17352160,17885245,18429893,18985881
MLT,391413,394215,396765,399174,401653,404123,406510,407973,409389,412044,415142,417173,418933,422121,426039,430028,434537,439578,444457,449043,453319
MMR,46030100,46641496,47208843,47739006,48261784,48771141,49279344,49767531,50256010,50617389,51017774,51414732,51955263,52523267,53044727,53552091,54089696,54616716,55123814,55622506,56111671
MNG,2432721,2460815,2489156,2518612,2546571,2574146,2602416,2632747,2666190,2702400,2741412,2783419,2826886,2869964,2912192,2953190,2992908,3031330,3068243,3103428,3136737
MOZ,18148183,18498198,18865948,19249717,19648943,20060939,20488080,20934250,21396604,21889544,22427917,23012071,23654009,24329701,25009061,25695578,26386824,27087343,27809441,28556701,29321229
MRT,2436909,2500867,2565791,2631845,2699242,2767954,2837937,2909101,2981452,3054933,3129486,3205060,3281634,3359185,3437610,3516806,3596702,3677293,3758571,3840429,3922758
MUS,1173129,1185932,1197878,1209590,1221004,1232059,1242821,1253425,1263899,1274189,1284264,1294104,1303717,1313095,1322238,1331155,1339827,1348242,1356388,1364283,1371946
MWI,10839431,11129225,11435630,11761078,12107029,12473490,12863421,13278889,13719274,14184967,14673498,15182821,15709663,16250624,16806366,17377468,17964697,18570321,19196246,19842560,20509317
MYS,22553411,23151284,23737357,24282607,24880396,25475465,25968120,26432158,26895559,27357758,27817866,28274729,28728607,29179952,29628392,30073353,30513848,30949962,31381992,31809660,32233022
NAM,1825962,1877985,1929718,1964738,1991740,2017940,2043307,2068919,2095803,2123842,2152941,2183015,2213988,2249438,2292905,2340492,2388360,2436469,2484780,2533224,2581689
NER,10386330,10746200,11129946,11538333,11971159,12427028,12906819,13409910,13935180,14478625,15036736,15611171,16203593,16841191,17504735,18175709,18889124,19638820,20391729,21157674,21953171
NGA,122200766,125580732,129095414,132764863,136588370,140535845,144568781,148693754,152891059,157151867,161490795,165904805,170393454,174951835,179570054,184219070,188859688,193498305,198346055,203452505,208679114
NIC,4777854,4866172,4952226,5035653,5116137,5193390,5267146,5338287,5407784,5475502,5541165,5604452,5666301,5727707,5788531,5848641,5907881,5966798,6025951,6085213,6144442
NLD,15819914,15930181,16046805,16145467,16216609,16266338,16299097,16320437,16351022,16410055,16490410,16573840,16653734,16730632,16805037,16877351,16947904,17016967,17084719,17151228,17216476
NOR,4463377,4492400,4515195,4539602,4566303,4593413,4624875,4662366,4710952,4770096,4830658,4891300,4955373,5021106,5085582,5147792,5207689,5265158,5320045,5372191,5421399
NPL,23086887,23486982,23887333,24272768,24644751,24988596,25254661,25484399,25732200,25998331,26297989,26663726,27080967,27505393,27917117,28311268,28678486,29033914,29384297,29717587,30032493
NZL,3783756,3802400,3837878,3898456,3960281,4008166,4048224,4089964,4131984,4171974,4218874,4269245,4306933,4336624,4377391,4442509,4525113,4614016,4700525,4779949,4854878
OMN,2376176,2432376,2487301,2541078,2593790,2645614,2696889,2748203,2800283,2853884,2909634,2967717,3027959,3090150,3154134,3219775,3286936,3355262,3424386,3494116,3564276
PAK,144061210,148400343,153174025,157385824,161075674,164483168,168065970,171905679,176014726,180012136,183962672,188339286,192741892,197074157,201579500,206055202,210468276,214765250,219202242,223950285,228727589
PAN,2847789,2899513,2952285,3003421,3053605,3104177,3155032,3206481,3258329,3309679,3360474,3410676,3460462,3510045,3559408,3608431,3657024,3705246,3753142,3800644,3847647
PER,25444838,25796957,26142281,26479981,26809346,27129674,27442387,27749145,28049728,28347879,28647373,28947973,29248943,29549517,29849303,30147935,30444999,30741062,31036656,31331228,31624207
PHL,74819070,76451531,78179792,79872190,81536343,83255520,84964745,86656261,88350267,90020447,91586193,93136651,94678277,96190033,97760753,99377560,100998376,102624209,104256076,105893381,107535277
PNG,4689319,4812791,4937454,5062602,5188113,5313886,5439769,5565559,5691088,5816233,5940775,6064515,6187591,6310129,6431902,6552730,6672429,6791317,6909701,7027332,7143996
POL,38665538,38654162,38643639,38625974,38599320,38574205,38556604,38542453,38537963,38556061,38587546,38616395,38631804,38632334,38619322,38593885,38562189,38523261,38476269,38420687,38356121
PRI,3800081,3810605,3818807,3823766,3826193,3827008,3821525,3805408,3783221,3761122,3740697,3721525,3679460,3636204,3589467,3534090,3472857,3411489,3351827,3294626,3240261
PRT,10289708,10361404,10433815,10490325,10530793,10557290,10576759,10595716,10624750,10648321,10658391,10663245,10647705,10604983,10547422,10490473,10446765,10414107,10383790,10355493,10328384
PRY,5311544,5418241,5523401,5626892,5728549,5828163,5925541,6020467,6112995,6203197,6290878,6375830,6459058,6541591,6623252,6703860,6783272,6862812,6943739,7025763,7108524
QAT,608957,639905,671438,703387,735643,825447,972530,1119914,1268260,1417957,1568525,1719473,1849257,1951591,2042444,2123160,2194817,2258283,2314307,2363569,2406676
ROU,22476289,22447353,22415499,22365752,22304678,22247630,22197164,22150478,22106151,22060808,22011818,21959278,21904551,21848504,21790479,21729871,21666350,21599736,21529967,21457116,21381356
RUS,147698905,147053966,146334163,145529792,144737284,144000047,143319518,142735754,142441276,142393151,142461491,142526896,142525588,142517670,142500482,142470272,142423773,142355415,142257519,142122776,141944641
RWA,7986197,8047103,8163136,8329249,8477210,8660954,8842495,9035491,9266906,9501799,9705671,9923431,10200636,10505592,10831947,11149288,11377040,11604797,11901484,12187400,12461248
SAU,20853053,21361821,21861634,22342525,22801189,23234774,23640681,24290219,25200107,26115002,27035739,27962740,28789024,29493141,30162512,30800756,31410285,31992117,32548604,33091113,33631439
SDN,27012286,27633945,28269911,28920513,29586089,30266982,30963544,31676138,32405131,33173036,34144883,34983893,35683115,36431189,37257361,38253907,39397806,40564921,41824518,43120843,44350744
SEN,9252822,9469281,9716196,9972439,10240144,10519120,10804122,11096111,11394298,11698343,12008068,12323252,12643799,12969606,13300410,13635927,13975834,14320055,14668522,15020945,15377009
SGP,3965084,4063333,4169481,4281211,4390624,4498226,4605741,4713561,4821918,4930613,5035897,5140105,5246787,5353494,5460302,5567301,5674472,5781728,5888926,5995991,6102937
SLB,421716,433730,445906,458223,470654,483173,495751,508382,521065,533776,546494,559198,571890,584578,597248,609883,622469,635027,647581,660121,672631
SLE,3735565,3809058,4043412,4286828,4465683,4602202,4708054,4817621,4918325,5022995,5132138,5245695,5363669,5485998,5612685,5743725,5879098,6018888,6163195,6312212,6466064
SLV,5766694,5825336,5855648,5868695,5880201,5887619,5899475,5905773,5911386,5933968,5954121,5966820,5984029,6032632,6120762,6178560,6205417,6248422,6304028,6368351,6427518
SRB,7677153,7604335,7548376,7544319,7535230,7522560,7502197,7476102,7447093,7413882,7379339,7344847,7310555,7276604,7243007,7209764,7176794,7143921,7111024,7078110,7045162
STP,137666,140687,143853,147133,150508,153970,157514,161114,164749,168415,172103,175808,179506,183176,186817,190428,194006,197541,201025,204454,207822
SUR,455740,464036,471851,480008,488131,495897,503639,511895,520925,529824,538125,545859,553159,560157,566846,573311,579633,585824,591919,597927,603823
SVK,5395739,5400320,5402649,5403359,5403962,5405587,5407676,5408945,5411226,5415211,5420248,5426044,5433281,5438951,5441540,5443583,5445027,5445802,5445829,5445040,5443336
SVN,2009652,2011243,2013324,2014638,2015612,2016923,2020478,2026872,2038126,2056917,2075271,2084184,2088444,2092760,2095555,2097582,2099134,2100387,2101416,2102126,2102538
SWE,8909790,8924354,8948312,8977439,9010865,9046268,9082561,9133723,9201391,9273134,9352378,9432309,9503420,9573256,9647386,9723809,9801616,9880604,9960487,10040995,10121794
SWZ,1033082,1031828,1029857,1027991,1026252,1024634,1023130,1021329,1018811,1016974,1017183,1019398,1024153,1031925,1041209,1050527,1059815,1069060,1078215,1087200,1095970
SYC,78137,79158,80173,81125,82049,82970,83886,84798,85702,86595,87476,88340,89188,90024,90846,91650,92430,93186,93920,94633,95321
SYR,16054627,16457434,16861448,17266066,17671578,18082580,18567756,19402895,20654264,21387906,21712112,22224758,22635828,22435341,21068048,19473384,18420213,17812977,17468631,17744554,18590421
TCD,7846929,8118148,8400354,8713938,9096232,9541047,9958591,10346100,10731560,11135984,11562994,11989651,12438850,12900189,13385494,13887973,14349650,14820954,15327016,15833116,16349891
TGO,4852448,4991834,5134565,5277933,5424964,5578206,5714516,5865402,6042377,6220348,6405008,6587239,6771993,6961049,7154237,7351374,7552318,7756937,7965055,8176449,8390953
THA,62411983,62901817,63394597,63884702,64334844,64735887,65112909,65470877,65813156,66140640,66441491,66720446,66987118,67245400,67497151,67741401,67976405,68200824,68414135,68615858,68804427
TJK,6110862,6229697,6339104,6452011,6567848,6688433,6814791,6944062,7076598,7211884,7349145,7487489,7627200,7768385,7910041,8051512,8191958,8330946,8468555,8604882,8740073
TKM,4324693,4385485,4444584,4502617,4556130,4608471,4664155,4719514,4774232,4829332,4884887,4940916,4997503,5054828,5113040,5171943,5231422,5291317,5351277,5411012,5470233
TON,99442,100125,100796,101452,102089,102703,103296,103871,104407,104881,105289,105632,105916,106146,106322,106440,106501,106513,106479,106398,106270
TTO,1254627,1251775,1249053,1245844,1242426,1239328,1236690,1234559,1232811,1231323,1229953,1228691,1227505,1226383,1225225,1223916,1222363,1220479,1218208,1215527,1212401
TUN,9447881,9545892,9644933,9742979,9842039,9938757,10029805,10120017,10212137,10307653,10411019,10525963,10647404,10772543,10901933,11032836,11161625,11285452,11403800,11516189,11622134
TUR,65035346,65969922,66895864,67800721,68691464,69579052,70464462,71341435,72204657,73049044,73875971,74686698,75481903,76381757,77388641,78401967,79414269,80274604,80845215,81257239,81648103
TZA,32187241,33193297,34190566,35226778,36306711,37382426,38486138,39618057,40787957,41967410,43094715,44288197,45590856,46912768,48261942,49639138,51045882,52482726,53950935,55451343,56985045
UGA,22437523,23192143,23956460,24774685,25556535,26277878,27031475,27818685,28609591,29377162,30165171,31002201,31878849,32815403,33809577,34909871,36112202,37534870,39185957,40576470,41832967
UKR,49491190,49013834,48520343,48074073,47692440,47342447,47002642,46685257,46406827,46155640,45950761,45768171,45603516,45491526,45388586,44943869,44429471,44209733,44033874,43952299,43964969
URY,3207949,3219793,3231191,3241594,3250653,3258465,3264911,3271307,3278878,3286372,3293765,3301076,3308535,3316328,3324460,3332972,3341893,3351016,3360148,3369299,3378471
USA,279040168,282162411,284968955,287625193,290107933,292805298,295516599,298379912,301231207,304093966,306771529,309326085,311580009,313874218,316057727,318386421,320742673,323071342,325147121,327167434,330268840
UZB,24701545,25041821,25372377,25696313,25992144,26268097,26539888,26810463,27079266,27345026,27606007,27865738,28128600,28394180,28661637,28929716,29199942,29473614,29748859,30023709,30296157
VCT,108118,107861,107605,107262,106882,106479,106070,105685,105307,104938,104574,104217,103869,103537,103220,102918,102627,102350,102089,101844,101612
VEN,23822239,24249188,24674039,25101859,25532121,25960413,26386448,26812315,27337575,27861456,28284507,28704706,29120818,29524938,29923119,30236851,30517902,30792057,30684219,29659027,28696583
VNM,78141672,79177981,80209475,81257964,82296588,83352452,84424930,85470535,86518851,87558363,88576758,89571130,90549390,91519289,92477857,93421835,94348835,95261021,96160163,97040334,97894734
VUT,186341,191378,196510,201729,207030,212405,217849,223329,228815,234300,239779,245253,250716,256155,261565,266937,272264,277554,282814,288037,293212
WSM,174755,176209,177786,179429,181088,182772,184491,186252,187956,189503,190897,192001,193161,194320,195476,196628,197773,198926,200108,201316,202541
YEM,16728304,17235921,17762475,18309989,18855729,19411357,20002597,20614589,21242156,21885623,22544016,23209521,23898794,24617071,25338458,26052966,26737317,27392779,28036829,28667230,29282399
ZAF,44351539,44913298,45483334,46104939,46770284,47438933,48104397,48737071,49371903,50024791,50680856,51122965,51453823,51913821,52425155,53006857,53675563,54300704,54841552,55380210,55918443
ZMB,9692594,9983878,10284605,10558408,10819896,11088247,11372462,11678306,12000691,12337728,12678115,13041876,13424596,13817479,14222233,14638505,15066266,15510711,15972000,16445079,16929953